shipment_id,shipment_date,transport_mode,region,distance_km,shipment_volume,transportation_cost,fuel_cost,delivery_time_days,delay_days,delivery_status
SHP00001,2025-01-01,Road,West,85.16080443648433,106.74510234113606,1085.4324534686634,20.356745292040443,4.922196537470129,0.6762152306472928,Delayed
SHP00002,2025-01-02,Sea,East,627.7246141422579,88.43563925769902,1450.4343881238478,185.66745670718743,9.932363352393374,1.6276622040938922,Delayed
SHP00003,2025-01-03,Air,Central,617.3960117324146,49.82230720505239,3069.512455240799,150.26740195235666,2.3781475203440525,1.6769761099174263,Delayed
SHP00004,2025-01-04,Rail,North,1149.8570239140852,88.31278783359699,2087.1881442796116,235.42917432255823,9.9491999188303,-0.40904889283242896,On-Time
SHP00005,2025-01-05,Road,Central,654.4475022854418,35.4855493784403,1492.6501555420518,162.98275301820456,3.8737058737494285,-0.8562482659693211,On-Time
SHP00006,2025-01-06,Road,North,778.1902393775539,76.39775955010589,2122.7439848604795,154.98008766074457,2.750088501310457,4.341716039055927,Delayed
SHP00007,2025-01-07,Road,South,1045.670274164175,62.30867577009804,2445.0434390304495,290.76969704154936,3.440801852435296,-2.0,On-Time
SHP00008,2025-01-08,Sea,North,1304.002652461598,148.880483553493,2178.7129908215416,243.79863155578659,11.251233442058377,-1.3532584223431314,On-Time
SHP00009,2025-01-09,Rail,West,670.767040597368,69.74437634548515,1406.5320644099697,180.86853966629778,6.958508364981624,-0.00945630352476523,On-Time
SHP00010,2025-01-10,Air,East,468.7802441309466,200.93798201933328,4017.649270884487,155.01750277539935,5.089138157991158,1.8998785682983674,Delayed
SHP00011,2025-01-11,Road,South,316.644911313523,68.56688900582996,1210.2595888051783,102.09849627895004,4.7468515254252175,3.3387663152579794,Delayed
SHP00012,2025-01-12,Sea,North,172.26666510534474,89.10681558151964,1113.6015649274575,56.86055581877846,8.10700475388085,5.141829010470367,Delayed
SHP00013,2025-01-13,Air,Central,616.5626891110907,134.182566324732,4004.4518381919856,207.62643515829166,5.224332122127139,0.270723292824674,Delayed
SHP00014,2025-01-14,Road,South,414.55905490498276,104.35244375028951,1785.3861391470466,81.9872368924204,4.283297101144812,0.4381609382754158,Delayed
SHP00015,2025-01-15,Road,South,740.2628629471546,18.622893985417672,1527.9516043359256,149.44946674001412,2.782768224248872,1.4065251515379498,Delayed
SHP00016,2025-01-16,Road,North,772.1033813998798,88.71009688616645,2177.743628050933,212.08997121688782,2.936165049765992,-0.8278023458223047,On-Time
SHP00017,2025-01-17,Road,South,373.2161193665367,85.90935751428896,1397.391538470284,123.89855320792581,5.96163753943988,-2.0,On-Time
SHP00018,2025-01-18,Rail,Central,367.9505673887247,27.697084896284206,663.7684897941717,127.17821614166559,2.337315342161509,0.2593738343399539,Delayed
SHP00019,2025-01-19,Road,South,1141.6863208392763,112.16475041280611,3063.6826278235117,214.4823594455585,6.0839874354132615,2.3634307300044943,Delayed
SHP00020,2025-01-20,Road,Central,645.3186911148256,28.779190413677163,1313.656876465023,155.18726767998936,8.976342320719134,-0.10730861544120207,On-Time
SHP00021,2025-01-21,Rail,North,333.3494856440834,94.52012941199095,1438.9877654710226,72.0674997648082,6.666389098372603,1.5335884717952328,Delayed
SHP00022,2025-01-22,Road,East,639.6135014226749,65.11467239172144,1533.019736541345,197.32984406653114,4.376401096157636,-2.0,On-Time
SHP00023,2025-01-23,Road,South,2000.0,96.18413819945481,4491.181323583212,577.6659153025909,6.22194968763625,0.5460115585486465,Delayed
SHP00024,2025-01-24,Road,East,853.9054940568468,76.69322029084528,2357.376364224625,171.1064072187041,7.7918592812796375,-0.5086164767858128,On-Time
SHP00025,2025-01-25,Road,Central,765.0207115321185,65.43307746864197,1874.0086374128884,200.58747539867667,6.870032364610036,-2.0,On-Time
SHP00026,2025-01-26,Air,South,360.35597560239734,70.1857397494714,2016.1412115358346,106.85451559504051,3.646704646614683,2.143031258962118,Delayed
SHP00027,2025-01-27,Road,West,115.78974879300397,32.87189965538344,644.7261834628279,36.17629739078681,3.012609918981206,5.114113923185788,Delayed
SHP00028,2025-01-28,Rail,East,1148.7499379676422,114.64273454288141,2326.1510984117604,210.69103218465426,9.2770651311134,2.9748973142022135,Delayed
SHP00029,2025-01-29,Rail,South,756.3794410325758,37.466897389371475,1329.3879192443242,250.6488887523602,6.646301959271105,3.134372513696099,Delayed
SHP00030,2025-01-30,Road,East,898.5449750399197,80.36487381342516,2243.8817557536595,248.69733293296042,4.053851512716111,2.2811925865420104,Delayed
SHP00031,2025-01-31,Rail,South,1020.0518221581842,78.14969320819185,2109.0484346037156,324.40152125256037,9.283101137119765,2.1161286241155493,Delayed
SHP00032,2025-02-01,Road,North,530.1648943219759,114.73410497309672,1554.6184417333782,168.24754562916442,4.576180550341598,-2.0,On-Time
SHP00033,2025-02-02,Road,East,277.46106608624103,54.52804165488822,992.0808848868999,58.898034553599025,4.378595414841106,0.1801226248200275,Delayed
SHP00034,2025-02-03,Sea,West,945.6927642414025,32.92400714316881,1315.7779675253523,187.9368236441015,9.70320561635974,1.7716744166146685,Delayed
SHP00035,2025-02-04,Sea,West,265.74174030411046,70.85282421720012,821.7910167357098,80.41845605451151,8.845617989431535,1.828511953002168,Delayed
SHP00036,2025-02-05,Air,Central,766.8940647533609,86.61971188011361,4189.334790383569,158.4346205096374,3.850607424864879,3.679265473174262,Delayed
SHP00037,2025-02-06,Road,South,382.4199199446828,69.92643567773713,1182.6655694372748,124.09120025160934,3.8422837627744317,-2.0,On-Time
SHP00038,2025-02-07,Road,East,1111.0749912856843,117.49056897255294,2942.9628122746476,337.1581640885766,6.372209751499087,2.018179038519247,Delayed
SHP00039,2025-02-08,Rail,Central,807.1798091707656,68.79275901171904,1268.1793511282253,260.8081199345265,11.629714556406306,-2.0,On-Time
SHP00040,2025-02-09,Road,East,425.10301722134795,20.201010941223583,819.0288186352614,98.12744578903607,5.03041836673911,-0.029248974597650523,On-Time
SHP00041,2025-02-10,Road,South,287.880060568988,41.67699756027055,733.5868204410085,67.31259659961101,7.433140209452657,0.34509248191181074,Delayed
SHP00042,2025-02-11,Road,West,650.5745692666977,142.17953028837425,2408.8390656414444,191.33896720143537,5.136517141986719,2.656427285122379,Delayed
SHP00043,2025-02-12,Road,North,1051.4065845153877,80.83527446329127,2453.508583940868,194.8738075276797,5.489516716983723,2.3623834710008604,Delayed
SHP00044,2025-02-13,Sea,West,1078.586844587972,41.50536929992092,1221.3997820375694,327.3559036758715,8.700966496259124,0.800826469279097,Delayed
SHP00045,2025-02-14,Road,Central,1165.0743847995498,77.94124497243827,2663.9753483759246,375.2507952712255,8.666637668017527,-2.0,On-Time
SHP00046,2025-02-15,Rail,North,753.9203241905109,66.96488478708605,1328.1267619480036,188.91570354108438,5.66830784609812,1.6120843324801346,Delayed
SHP00047,2025-02-16,Road,Central,1368.2802301276963,70.2909681880519,3065.5855001235236,424.2071003040383,9.514218600981678,-0.16919119259696802,On-Time
SHP00048,2025-02-17,Rail,South,772.6855237212354,21.108809597343345,1152.7378256591658,162.0196800019227,5.300661593192054,3.979514729047751,Delayed
SHP00049,2025-02-18,Rail,North,374.84692355299933,84.59231993666245,1250.3076547151627,88.00816016459588,7.370938346081525,3.3837338608509224,Delayed
SHP00050,2025-02-19,Road,Central,443.971518003725,29.514810562881454,1133.179729252948,153.45069433069324,1.5459499960225318,-1.8450572672641448,On-Time
SHP00051,2025-02-20,Sea,South,1224.0618580508049,39.84335319908609,1503.3161595861184,425.5766729010419,10.055738004262018,1.9554355974764632,Delayed
SHP00052,2025-02-21,Air,West,374.12590944470213,42.34872604937631,1973.0111507965537,99.94506508014712,2.5373241642858053,2.004776515401011,Delayed
SHP00053,2025-02-22,Sea,South,339.4332250986019,48.177001559387506,631.94035251316,115.00875595064127,7.341222699675466,1.8229589490423144,Delayed
SHP00054,2025-02-23,Sea,East,1476.4639400695237,71.63246593610894,1771.1956231991746,396.96831862075055,11.362436641537192,1.4989526868639969,Delayed
SHP00055,2025-02-24,Rail,South,765.4588685962543,74.89915072502183,1384.3572947815644,175.72637852264342,6.856314073394937,2.0753864661706256,Delayed
SHP00056,2025-02-25,Sea,South,767.9196213809988,106.28778451898286,1570.5691468466507,173.06825589340318,10.994944077905792,4.25371453893499,Delayed
SHP00057,2025-02-26,Road,East,1064.4860267023616,158.96390877917506,3079.873712180639,359.81327677419296,3.294393790791894,-0.8784508330663414,On-Time
SHP00058,2025-02-27,Road,Central,1048.2882459594496,123.46745554933739,3094.9071071251024,219.42338311800702,5.33665999073519,-1.7645240581428006,On-Time
SHP00059,2025-02-28,Road,Central,624.297735960282,38.66732273893293,1427.4493831787972,173.8903418014137,6.380480798346549,2.4567878387637583,Delayed
SHP00060,2025-03-01,Road,South,1300.3313627959394,78.65124928681409,3195.014963401135,356.8619790028906,7.4959037350328925,-2.0,On-Time
SHP00061,2025-03-02,Road,East,1530.5126091630977,119.24979779561048,3794.6861370441347,467.93232309257394,9.442321438870223,2.1350596514071762,Delayed
SHP00062,2025-03-03,Road,East,275.43436679628417,105.92255246088848,1226.5768147496626,72.95465722230692,5.01359799064541,1.6923474213551175,Delayed
SHP00063,2025-03-04,Air,West,840.7576786572575,161.3681574027898,5065.047884892704,190.2538463631732,2.873381898997709,-2.0,On-Time
SHP00064,2025-03-05,Road,Central,369.44596347188366,82.12094263102358,1070.9524241299218,77.13935843751509,5.00313311137456,-1.0908416490259134,On-Time
SHP00065,2025-03-06,Road,North,510.7821935782806,55.32695591711537,1390.587399037621,145.8483371898856,4.417038873394397,4.439936314019961,Delayed
SHP00066,2025-03-07,Rail,Central,291.46688191470645,112.00716101243805,1142.9522852203545,88.0895777289833,9.357116523070447,-2.0,On-Time
SHP00067,2025-03-08,Road,Central,1698.6008315692284,81.39172930429397,3541.5966300266737,470.20433366862517,9.008568380709297,1.0314790373735714,Delayed
SHP00068,2025-03-09,Air,West,700.3268313173915,94.05105459320598,4132.201191456116,213.9636553890545,4.508490774131521,-2.0,On-Time
SHP00069,2025-03-10,Road,North,571.8593936276906,143.10904684602252,2328.807444445666,116.69282978612858,5.933070637061048,-1.272365760154414,On-Time
SHP00070,2025-03-11,Sea,West,712.9403494195627,83.31299164232107,1458.6060944305443,235.28452644848974,10.203090692981423,5.290797051068346,Delayed
SHP00071,2025-03-12,Air,North,549.256399671651,122.23910657819523,3566.883342645633,153.24651016357436,4.111111838337609,0.8086108644653486,Delayed
SHP00072,2025-03-13,Road,South,693.8053883064676,55.12007523610365,1504.5769442216035,139.8458198870102,4.389083695552248,1.7923767214073076,Delayed
SHP00073,2025-03-14,Road,North,870.2510460498512,41.894001253271625,1841.5319689948794,224.98363995563466,6.022385342079497,0.21883855893371473,Delayed
SHP00074,2025-03-15,Air,West,385.5392669572737,73.26703433023678,2270.137429729143,124.76613390153469,4.1312798627565375,-2.0,On-Time
SHP00075,2025-03-16,Air,Central,919.0088243077188,68.23491277102065,4424.958450438059,305.6490763206251,5.795314450298074,-2.0,On-Time
SHP00076,2025-03-17,Air,North,484.7240298798673,121.90091604594022,3072.915298600326,109.05826105505712,4.670828340428368,3.4460758141055807,Delayed
SHP00077,2025-03-18,Air,North,825.2392738185774,147.8988305603796,4814.852680324078,248.3270330422683,6.641582135632502,0.8822303708643366,Delayed
SHP00078,2025-03-19,Road,East,457.10156788014604,145.9615716171669,2009.3752372458423,90.04786249467847,6.301240284708819,-1.4257208898912115,On-Time
SHP00079,2025-03-20,Road,Central,1034.7103410933678,16.158358461826314,2371.603621698424,192.14860560550136,6.488860789539177,0.4448704968578497,Delayed
SHP00080,2025-03-21,Road,South,1095.581761930239,36.46337425610967,2260.619724032597,301.5784055931287,4.117316707442248,2.1539949082098713,Delayed
SHP00081,2025-03-22,Sea,West,641.1613464898616,55.169238462508936,1037.376287726397,191.14346204602816,7.4234828463921385,1.6362221189582824,Delayed
SHP00082,2025-03-23,Rail,South,2000.0,56.056613543188824,2810.921367430889,630.5674886000106,10.153509740189183,-1.4244730005396136,On-Time
SHP00083,2025-03-24,Road,Central,798.5336187979566,45.67778608229815,1913.4397345027687,189.92064907511855,5.105420632443587,-2.0,On-Time
SHP00084,2025-03-25,Road,North,247.78011351134654,55.689650471769205,730.4338267977109,44.87528781129459,5.614332425331268,-0.5176163580538649,On-Time
SHP00085,2025-03-26,Road,North,1004.8428438032031,147.12412332328944,3270.115729705172,262.7847624437201,2.0187754657150734,3.2726215898417674,Delayed
SHP00086,2025-03-27,Road,Central,1611.3333438585125,113.91037184747853,3793.059112605128,294.38271076192865,6.18683555891948,2.6359424127680264,Delayed
SHP00087,2025-03-28,Air,North,455.72778542692924,47.6404580066704,2372.6202235198857,89.15738392491645,2.4754172263849976,1.5260081623129063,Delayed
SHP00088,2025-03-29,Rail,North,264.12134599236725,63.77357427322657,972.6397704262232,62.21038481846885,4.113643609023276,0.07279897133472119,Delayed
SHP00089,2025-03-30,Sea,North,991.9458324548316,84.27282304881587,1433.2954447931475,252.27091858845202,9.105152292586748,-0.7918669051515437,On-Time
SHP00090,2025-03-31,Road,West,625.5593371015987,22.679362430908505,1415.3293536884457,142.3208828055692,3.6645657058401904,0.11917898886410039,Delayed
SHP00091,2025-04-01,Road,West,708.2903480442326,63.477052838733535,1993.514557528791,197.5542865096317,3.4575982061349237,2.4544291607553026,Delayed
SHP00092,2025-04-02,Air,East,728.0482758510153,62.80035862554967,3742.4186944735147,137.89923381670448,2.4703923211327403,3.0254765305894034,Delayed
SHP00093,2025-04-03,Air,South,494.50719155286987,61.601745873208856,3026.0225709355664,101.16556457875438,4.999958457210561,-0.15446691230566956,On-Time
SHP00094,2025-04-04,Rail,Central,535.1244590213765,115.23086748008241,1660.6400196054992,159.57086447318198,7.590576022018789,6.840578273818983,Delayed
SHP00095,2025-04-05,Air,Central,544.7287478411444,61.45292779924475,3041.4069266287725,111.21397017497506,4.243688022527952,0.7310094394426405,Delayed
SHP00096,2025-04-06,Road,Central,659.2167642120863,20.704158271140948,1557.1032420287816,190.3566090525817,4.447315434496795,-0.36738862483725443,On-Time
SHP00097,2025-04-07,Rail,East,1097.9225678249916,120.16193869418893,2523.4128341389574,207.8327736789705,9.82114576744359,4.189173596523877,Delayed
SHP00098,2025-04-08,Road,West,421.98611721933366,51.075119532810966,1207.4518152182454,105.18214435168636,5.261122761657016,-2.0,On-Time
SHP00099,2025-04-09,Road,East,1261.3570543601986,42.23102126653184,2727.826684187153,265.08630651493763,7.2363009546466035,1.7000842364133888,Delayed
SHP00100,2025-04-10,Road,Central,573.6683822335355,52.326145011100024,1660.6634720833033,113.95243650416644,3.4485072435713,0.31800401841675774,Delayed
SHP00101,2025-04-11,Road,South,1195.607766204098,149.63738877890466,3174.921427944398,330.46069385662474,6.084285293119223,4.120460799678396,Delayed
SHP00102,2025-04-12,Rail,North,1888.9526216409079,27.95256862433765,2230.938335018893,638.1204612451828,11.639494686414134,2.0123083966254796,Delayed
SHP00103,2025-04-13,Road,West,600.1027600392748,89.68643160943876,1789.043332885319,113.60773278153484,3.9377366556072664,0.8477554246041459,Delayed
SHP00104,2025-04-14,Rail,West,712.9979865681811,56.14729776217359,1041.752262366299,179.43608371775525,4.916280332095909,2.156584493866372,Delayed
SHP00105,2025-04-15,Sea,East,320.0248270713361,88.02461568881287,945.1200054285127,96.09738291176622,7.599355179344905,-2.0,On-Time
SHP00106,2025-04-16,Road,West,724.6444457450463,30.150534005124953,1592.7203045119538,187.43430868299677,7.077024192152521,2.9170495861971473,Delayed
SHP00107,2025-04-17,Road,Central,886.0801296308283,65.20930436108353,2075.27285331589,280.9798288537336,4.591376429760673,-2.0,On-Time
SHP00108,2025-04-18,Air,Central,920.0745046939348,63.659000425412735,4628.3683173104555,193.71221359733528,4.673927600580081,1.396243452035912,Delayed
SHP00109,2025-04-19,Road,East,379.80888291849277,63.65802522116694,1042.6702139794838,130.3242074466584,3.015292044525957,0.5890358527150614,Delayed
SHP00110,2025-04-20,Road,Central,948.4115992766491,32.5382578418786,2085.668473028639,232.81384751364664,6.535653857354308,-2.0,On-Time
SHP00111,2025-04-21,Road,South,448.1876403660266,47.757978448818356,1029.2820751810436,106.69861419358215,4.851057003879474,0.6723551452401241,Delayed
SHP00112,2025-04-22,Road,East,1577.5849432495177,73.57427571067169,3112.8118438762504,518.5253283416992,5.179354416563834,1.204966879265746,Delayed
SHP00113,2025-04-23,Sea,South,831.5108671255108,14.033517121085506,829.5271015016608,229.3784220699998,9.855757299279317,-1.1371899348944774,On-Time
SHP00114,2025-04-24,Air,North,681.1189231697648,29.368743047486916,3437.23808738183,182.40060855633217,0.7853334188486265,-2.0,On-Time
SHP00115,2025-04-25,Rail,South,1443.2790647239963,69.16327278283899,2297.215678713954,438.1596736515576,8.176793178845731,1.730443508570993,Delayed
SHP00116,2025-04-26,Sea,North,756.0455709047525,78.07574178878227,1130.3273958625002,210.6129910737848,9.576733448685232,1.405787502902024,Delayed
SHP00117,2025-04-27,Air,North,918.0216275714686,58.754713193602115,4616.427674731376,190.60668200284246,6.919632882410017,1.0670477231351088,Delayed
SHP00118,2025-04-28,Road,South,504.3114293326565,72.62694133444062,1554.5216591895592,148.5770036426258,4.821241503155628,0.5221044308872091,Delayed
SHP00119,2025-04-29,Sea,East,304.9542407663107,49.986154043952,687.8955527691345,61.81108646499594,6.998369555666057,-0.9164075424389919,On-Time
SHP00120,2025-04-30,Rail,Central,968.8932630232633,114.2578840728367,2037.0473511773216,307.1351046252924,7.427217334632723,6.180453631661921,Delayed
SHP00121,2025-05-01,Air,Central,1579.9996810342398,143.03368739248322,8327.173866040357,550.2431390640244,7.8952115612436335,-0.2458271006202205,On-Time
SHP00122,2025-05-02,Sea,North,565.7219036378187,30.795839147541543,494.7523910313473,138.12433840852194,7.657161028762223,-1.6627834086719582,On-Time
SHP00123,2025-05-03,Road,North,550.6520452572214,45.10938765755437,1217.9554741090465,140.75134479377547,5.969367014088647,0.6360681880253343,Delayed
SHP00124,2025-05-04,Road,East,386.2371321631822,109.1105495802723,1372.33001986511,72.57153211739369,3.425127466142686,0.04764738422220588,Delayed
SHP00125,2025-05-05,Road,West,119.97094408817229,60.93628323395424,905.6959210285676,21.87485913760426,1.8083302995533312,-0.3037820210412261,On-Time
SHP00126,2025-05-06,Road,South,651.8629363442998,97.6333963446468,2061.225214325172,219.44397779224602,4.168368848528389,5.185690226514964,Delayed
SHP00127,2025-05-07,Air,North,1046.9835275560602,121.64038978847924,5712.317747457208,211.35047128971638,2.4427348444402535,-2.0,On-Time
SHP00128,2025-05-08,Sea,Central,1054.455698109759,237.17258092909952,2628.7975277286578,269.71119553801014,8.07149054390755,0.5935926719842644,Delayed
SHP00129,2025-05-09,Road,East,342.84042732620003,55.32540019421549,1171.338139083102,109.23248662177173,3.6631043285058773,-2.0,On-Time
SHP00130,2025-05-10,Rail,South,872.4005697799739,61.66774933340279,1748.2036986519634,288.9252753495679,7.234224846406665,-0.8525619284900714,On-Time
SHP00131,2025-05-11,Road,East,1543.949955129235,11.473803596677428,2956.6245584755766,414.23807751416075,7.359721616203403,4.84028987473758,Delayed
SHP00132,2025-05-12,Road,South,834.0828387279884,138.2239731230794,2601.8642822194806,230.25317947998707,5.519793509643636,1.2036126393047328,Delayed
SHP00133,2025-05-13,Road,South,562.9615057519707,19.27345953065046,1262.2760913763434,165.42414161305518,7.7094159063346455,1.1734264879709606,Delayed
SHP00134,2025-05-14,Road,North,420.6998377950971,100.92026900832775,1605.5592772357002,144.4830571753643,4.5152817126238425,-1.8487030703196359,On-Time
SHP00135,2025-05-15,Sea,East,476.6347596492433,105.72436400709162,1413.6776307870127,134.6273435739063,6.884476892640107,-0.5615538967919544,On-Time
SHP00136,2025-05-16,Road,East,1291.2189338725757,79.5876947952482,3096.4484856015647,355.2282662644256,4.951478530341371,5.057803803896258,Delayed
SHP00137,2025-05-17,Rail,Central,616.1006892356203,60.148057336646765,1187.3454552843696,112.42038749073114,6.594900561645917,1.7484056160922778,Delayed
SHP00138,2025-05-18,Air,Central,368.85140007993186,117.11752824284567,2497.675318869842,71.46918187197761,2.25137415143029,-0.3492871291072617,On-Time
SHP00139,2025-05-19,Road,North,566.9567030602798,36.19020476776482,1250.0702625476954,157.6815313810659,2.478213141866995,1.6015181424248477,Delayed
SHP00140,2025-05-20,Sea,North,411.00921501823717,126.64427974471798,1463.4400817248975,139.39824126965414,8.789619250875054,1.1691596580280224,Delayed
SHP00141,2025-05-21,Sea,West,1193.5580651131113,48.821798429091714,1413.8606982648625,390.69634802415544,10.615061769744617,-1.598599134629691,On-Time
SHP00142,2025-05-22,Road,Central,246.96812088713443,60.676357078087115,817.3740314984655,85.70742569958135,5.936254675435782,-0.4220206213051849,On-Time
SHP00143,2025-05-23,Road,South,55.52095700662144,75.60001068962511,704.5948024409385,20.0,1.7044968044368667,6.136340255269664,Delayed
SHP00144,2025-05-24,Road,East,1201.8360433678015,75.35528477169909,2932.2656958359785,377.31433406105543,5.725866028856772,1.4800064586166024,Delayed
SHP00145,2025-05-25,Road,North,209.99940335040313,93.7824604102655,1148.524819382959,67.80209919507378,6.009936547876233,-2.0,On-Time
SHP00146,2025-05-26,Road,East,1349.2130701594976,34.293194017628366,2661.496379028059,391.4949255598559,7.038291542608286,1.7755253706160274,Delayed
SHP00147,2025-05-27,Rail,East,2000.0,71.91363823251248,3023.3738748021146,475.1749674329324,9.23087383540949,3.7577206825698655,Delayed
SHP00148,2025-05-28,Rail,West,744.1167780194747,89.92154171386213,1624.918348691747,193.39322259465845,6.053513781064703,-1.760945450381819,On-Time
SHP00149,2025-05-29,Road,Central,1039.47850797344,32.91192511697264,1844.3111591365214,338.7098123327358,3.831544490085463,-0.6421057417087004,On-Time
SHP00150,2025-05-30,Road,North,926.3168324241634,61.63116747388511,2264.9335096074487,213.7505245871917,5.604923837577303,4.134427387396295,Delayed
SHP00151,2025-05-31,Sea,East,815.3822331235557,143.88209225632497,1946.0195138538663,274.8134372870468,11.675748457443248,0.5872811720655758,Delayed
SHP00152,2025-06-01,Road,North,468.8225022240496,57.016562173072096,1302.438771229728,102.7035756824927,6.602603455685062,0.14280444302177525,Delayed
SHP00153,2025-06-02,Road,South,321.37662942689104,113.87350116412028,1648.8194473898043,98.79689336138651,1.821426906840414,-2.0,On-Time
SHP00154,2025-06-03,Road,West,650.0619886582286,70.41033869901936,1915.3441938144963,186.69459823223326,6.0521643713978195,3.176415771202168,Delayed
SHP00155,2025-06-04,Sea,South,373.0673159234691,163.39244446461223,1762.7154392690527,114.69279562405583,9.220111616206198,0.02882740812343243,Delayed
SHP00156,2025-06-05,Road,North,826.3699190202248,67.0027417049655,1895.9426654707984,210.18643468615903,4.84039881814771,-2.0,On-Time
SHP00157,2025-06-06,Rail,North,474.81120760242834,74.85885266924822,1046.2876038828558,160.74685032748488,5.6464789053028355,-2.0,On-Time
SHP00158,2025-06-07,Air,Central,273.8601112049434,115.45724375392257,2323.6287814539232,78.74033432358506,0.5,-0.9039515379567442,On-Time
SHP00159,2025-06-08,Road,East,884.3110385003176,43.407830246608995,1657.4389222316638,202.5163245245692,6.224755523227294,-2.0,On-Time
SHP00160,2025-06-09,Air,East,575.1030405552857,54.20287651624828,2999.2595673544547,165.93871420624933,1.1659934724355847,-1.789904384249946,On-Time
SHP00161,2025-06-10,Road,South,258.21240763475237,185.1500739117894,2011.956796091532,59.068328762016385,3.144067535244893,6.361674738258577,Delayed
SHP00162,2025-06-11,Rail,West,1213.8514306146503,50.63110885217526,1599.1094272378568,279.0856943087662,8.87640783451087,2.2688075341652603,Delayed
SHP00163,2025-06-12,Rail,East,695.5615993452761,77.37975472080923,1488.8634428083499,172.45180245478016,4.192253025825277,-2.0,On-Time
SHP00164,2025-06-13,Rail,Central,1188.968392074951,94.58506822997812,2326.606977817659,386.31149047209004,6.44133423584118,-0.2858047780512558,On-Time
SHP00165,2025-06-14,Road,South,771.1576148051731,155.18228354018896,2406.705564455302,204.3958183015919,7.393425257032726,0.27626648161532974,Delayed
SHP00166,2025-06-15,Air,South,496.2586006840989,24.581307501113034,2678.539694091473,146.601313057769,2.9375328550500046,-2.0,On-Time
SHP00167,2025-06-16,Road,Central,395.07863352484884,38.880971626301324,870.7148019403019,97.44002750076059,2.851499443022619,1.8359657638398574,Delayed
SHP00168,2025-06-17,Road,West,947.2909425980085,105.26233660532608,2633.4328264905785,212.96324741090748,5.9803305406537675,-2.0,On-Time
SHP00169,2025-06-18,Road,Central,1543.8802080917728,156.95030257803828,4022.047330935702,528.4529459530066,8.787246940531787,3.242367394425926,Delayed
SHP00170,2025-06-19,Rail,West,899.0411690555035,105.64231094086084,1934.4152339485586,254.07695673568512,9.342742618750037,4.10382495430721,Delayed
SHP00171,2025-06-20,Rail,Central,486.2656390999962,35.79560831695525,677.3593631045139,164.73305061051713,4.419542125038628,6.381462697392506,Delayed
SHP00172,2025-06-21,Road,Central,795.5579178932655,54.63907006785219,2058.1877571036543,170.71098538601046,3.5393157674497653,-2.0,On-Time
SHP00173,2025-06-22,Rail,North,356.3533349784958,104.31910839471107,1311.0593886344184,73.04245858000198,7.010217935863775,-2.0,On-Time
SHP00174,2025-06-23,Road,South,894.2275514668576,40.21669567480599,2174.469184574265,291.0620311275659,6.238980801166286,2.2316800856318277,Delayed
SHP00175,2025-06-24,Rail,Central,1087.4330260781896,131.04272805377173,2164.648872637147,321.6147617483418,6.319013186279653,3.456700137664943,Delayed
SHP00176,2025-06-25,Road,Central,523.919634174303,75.69157650659753,1521.4027584847217,110.92339779391345,2.9364559856348,2.5223816533964305,Delayed
SHP00177,2025-06-26,Rail,East,1456.582651820827,31.56951601454729,2031.884696256702,328.88347073239606,8.546429968276716,3.1992925179856515,Delayed
SHP00178,2025-06-27,Road,South,477.52933702551036,98.29843349343165,1654.9977466876103,150.9531692646502,4.445836309301209,3.942068404912585,Delayed
SHP00179,2025-06-28,Sea,East,788.6416550196789,63.772397623515374,1319.974472206697,202.80524684150797,9.685447785350014,1.005625988823082,Delayed
SHP00180,2025-06-29,Road,South,1020.2538639506594,54.05512202633894,2239.810150033317,299.94635776982483,3.6763315633150278,-0.03137478355148138,On-Time
SHP00181,2025-06-30,Road,East,523.4873201661532,42.00902043188015,1596.6532466992198,122.55876960927512,4.291803160216592,-2.0,On-Time
SHP00182,2025-07-01,Road,Central,301.4833714982474,61.9297365968261,1044.084309799681,73.80587042106139,2.6293791113224896,-0.24526351303949645,On-Time
SHP00183,2025-07-02,Sea,Central,348.68706958588035,66.00123141010687,409.20504854379715,121.48994453305589,6.613445838193805,0.13777899417275952,Delayed
SHP00184,2025-07-03,Sea,North,550.2388940251277,81.49360996733103,1159.794035612169,122.20525479660891,9.008359330765309,-1.8742114333106379,On-Time
SHP00185,2025-07-04,Road,East,524.0709665761387,40.430673436498196,1455.9927250589628,139.45401810087478,4.0524700266824345,0.4044394971073401,Delayed
SHP00186,2025-07-05,Rail,West,659.994279278137,44.27461043207795,1007.694103312808,213.5400919755816,7.834207856134631,-2.0,On-Time
SHP00187,2025-07-06,Air,North,912.7510525818371,139.79489619109552,5077.725627771346,201.41490027756933,3.29304591151139,3.283330840867924,Delayed
SHP00188,2025-07-07,Rail,East,1097.023755957626,32.96804191979243,1454.114386556552,274.89916640250306,8.170265032361522,1.5645611729478996,Delayed
SHP00189,2025-07-08,Rail,East,1165.8214160386494,110.9742924358506,2125.3085172366145,331.75257614485855,6.094429395761949,-0.649009222095785,On-Time
SHP00190,2025-07-09,Road,North,1908.2667185732728,25.439341834056165,3566.4845710484415,499.58801626458364,7.681236785532148,0.9721015195652127,Delayed
SHP00191,2025-07-10,Road,Central,397.25844410695834,109.34154571876392,1726.1921490950194,102.53851637108116,4.937993910284275,-2.0,On-Time
SHP00192,2025-07-11,Sea,East,1936.7460755133131,28.867045702139364,2202.9577428410007,467.96947450289275,13.515964532554017,-2.0,On-Time
SHP00193,2025-07-12,Sea,Central,618.916589637128,110.37389312467519,1076.3785270802368,173.12946070131528,10.213772102338986,-1.0846365956930566,On-Time
SHP00194,2025-07-13,Rail,North,581.3388061006086,59.60636388607189,1117.6892803726869,166.34623848947322,7.698678179339542,0.020179823977247602,Delayed
SHP00195,2025-07-14,Road,Central,1066.142060576878,58.94484242884368,2436.01914762564,310.31047864312126,5.204906769125013,0.85300453122256,Delayed
SHP00196,2025-07-15,Road,South,465.4835613961974,180.51329831279554,2312.3785515232985,89.35542462237329,5.576392847488318,0.8628909172400142,Delayed
SHP00197,2025-07-16,Air,West,971.7350660975761,32.40347434251647,4917.026542172658,279.15597809327784,6.959522348851234,-2.0,On-Time
SHP00198,2025-07-17,Sea,East,1505.0696218586695,59.431240739502826,1528.408499151515,514.8095463702426,10.92967350485136,0.29817779276960443,Delayed
SHP00199,2025-07-18,Sea,West,531.2488683221549,89.71724955089061,807.5023876937893,144.4825116163546,11.086580097510534,-1.5451383014538864,On-Time
SHP00200,2025-07-19,Air,Central,1046.4018052290162,99.25054150020479,5812.144334137949,315.58997522217896,6.055820774047389,-2.0,On-Time
SHP00201,2025-07-20,Rail,East,921.9887012665093,156.98913364935882,2475.3145647017823,253.2191187832564,7.606930137283305,8.188963828807374,Delayed
SHP00202,2025-07-21,Road,Central,2000.0,27.76109203698395,3736.382998252935,650.6118103212727,8.094200751613656,-1.4966268148822786,On-Time
SHP00203,2025-07-22,Road,South,198.8004269436661,145.8763270086918,1550.5912005283265,67.20033458441378,4.056028798277052,-1.3578803853620138,On-Time
SHP00204,2025-07-23,Sea,North,484.03165105121303,40.54590371564711,796.4783590554285,102.28430173141219,9.838450086121922,-2.0,On-Time
SHP00205,2025-07-24,Rail,East,280.97716300425077,43.75294016674545,597.8679983886676,71.44299727006344,6.149815731413382,-2.0,On-Time
SHP00206,2025-07-25,Road,South,1041.8359920897221,118.12743302191137,2841.5910055405056,257.02610379474345,5.420441384074615,0.02831921271470883,Delayed
SHP00207,2025-07-26,Road,South,743.5809517252992,132.9434053383157,2455.2149620110818,185.0673133067354,2.240011976387989,3.8795333103000704,Delayed
SHP00208,2025-07-27,Rail,East,1636.1749005344643,45.8163849942866,2632.2704998000736,329.4259996011859,10.43758184066718,0.014128321130800037,Delayed
SHP00209,2025-07-28,Road,Central,305.8931503399223,102.31400590380771,1513.6374011851528,97.37027825086469,1.0436449858871395,-0.3089057730866869,On-Time
SHP00210,2025-07-29,Road,South,622.7844399702503,59.33929387898832,1856.6248140146686,115.88789133104744,2.5600772975477293,3.500684942553469,Delayed
SHP00211,2025-07-30,Rail,West,1438.929815023112,67.39893815920044,2064.3715607504037,388.2211392451712,8.381950796199549,-0.8109913263377084,On-Time
SHP00212,2025-07-31,Rail,South,561.8475527916465,59.29533315850009,1096.500139675298,164.3512674391566,4.61357934030551,0.5528734889391645,Delayed
SHP00213,2025-08-01,Rail,Central,529.2738063351622,32.54197703951545,931.8014315080623,113.93666880086784,6.6692922782792,-1.8039251630324533,On-Time
SHP00214,2025-08-02,Road,Central,481.8119378416606,73.92333469654903,1170.483052717437,160.92255300789031,3.84300843002317,4.7128337523814245,Delayed
SHP00215,2025-08-03,Air,West,363.6992119645798,53.34188844635328,2240.660462127827,117.31240473765924,3.7133309009487308,3.121275600089616,Delayed
SHP00216,2025-08-04,Road,South,354.2738868777038,130.27513035649847,1776.2255050785438,92.14105249913621,1.8243855297366265,0.11753157616658316,Delayed
SHP00217,2025-08-05,Road,Central,443.1127324420936,93.32163852499887,1489.10224860268,110.73179740405786,3.2916433514868895,-0.498608204676815,On-Time
SHP00218,2025-08-06,Air,East,213.2114495129901,111.74715278113786,1825.9285935324408,46.95268925356989,2.436292151481724,0.4204013584081532,Delayed
SHP00219,2025-08-07,Rail,North,710.9602487647592,63.03509255485707,1545.5130722801298,216.20219275798593,6.94560215086777,0.15404355347299836,Delayed
SHP00220,2025-08-08,Air,North,492.759055777569,59.003129896913194,2570.1250980288214,99.73268159286572,3.976732790816385,-2.0,On-Time
SHP00221,2025-08-09,Rail,North,78.10736386998116,67.57272805469519,828.438463530882,23.091693715384363,3.7266850709293657,3.206668628563436,Delayed
SHP00222,2025-08-10,Rail,South,216.1822220155485,174.6012847722051,1618.4231341083557,69.87391790877085,5.385655201591859,-0.06784445061096422,On-Time
SHP00223,2025-08-11,Road,West,76.58946065449604,40.079310237074914,571.8949189912297,20.0,3.7025143564123875,5.245850940115363,Delayed
SHP00224,2025-08-12,Road,Central,232.6410286805391,59.89557258011432,910.9330631027332,76.14170075135071,0.5,1.5545392769064557,Delayed
SHP00225,2025-08-13,Road,East,1260.6036261770632,57.39418537110004,3063.2190870851923,234.04990154024657,6.99798410945362,-2.0,On-Time
SHP00226,2025-08-14,Road,East,717.3454209298329,109.50565312405617,2034.1581241500198,240.43543046959152,6.303846008634282,-2.0,On-Time
SHP00227,2025-08-15,Sea,South,487.63238338895115,75.09421868311892,953.6305011284674,97.58576240597147,6.809934400889035,-2.0,On-Time
SHP00228,2025-08-16,Road,North,1035.994498221702,51.81671040994162,2053.404958425272,300.2095121183014,5.275320471594481,-2.0,On-Time
SHP00229,2025-08-17,Sea,South,485.18926942892796,121.40652054191777,1243.408931766979,107.96141466339449,11.299725449949264,-2.0,On-Time
SHP00230,2025-08-18,Rail,West,254.97913661789406,131.68115561752805,1466.3934250358748,82.15782368535162,6.949816241157924,1.1314187259546011,Delayed
SHP00231,2025-08-19,Air,West,456.5629331376849,139.83126325927861,3413.20785102357,121.94387838738349,3.9517642841472647,-0.29021335401568915,On-Time
SHP00232,2025-08-20,Rail,Central,1079.4570474742334,63.57150976862509,1927.8926656721223,219.1200682353359,9.423777019740394,2.3513497950722226,Delayed
SHP00233,2025-08-21,Rail,Central,749.6515373834376,92.53845441831267,1639.0807552475967,207.70487730619453,9.862781736346186,0.4047510433150962,Delayed
SHP00234,2025-08-22,Road,West,1159.461482021293,60.409537168563254,2436.2647897384254,289.100176634483,6.1761567360423175,-0.1007726703620877,On-Time
SHP00235,2025-08-23,Road,West,640.8506684927494,217.08667201371668,3024.987380140755,187.41429715512268,4.926255470389116,5.5080173731733595,Delayed
SHP00236,2025-08-24,Air,West,453.55698397677645,85.96666643517365,2586.4494735990074,149.63913409522934,4.456277304843923,1.0570565846462556,Delayed
SHP00237,2025-08-25,Road,South,1472.1820323330803,90.05528318696891,3168.027163549432,367.4509707572699,6.925361802986744,0.2987212062435639,Delayed
SHP00238,2025-08-26,Road,West,416.9832797403924,59.24465504623087,1178.2567439210675,95.60580775578904,2.6284897847089086,-1.6336023001701077,On-Time
SHP00239,2025-08-27,Rail,East,1072.5924369797424,67.67016738245589,1523.3811709020636,195.7133313604547,7.130395814808233,-2.0,On-Time
SHP00240,2025-08-28,Road,North,295.0891169652025,46.7159101143145,697.6799602690432,81.95292754719995,4.071138969813707,2.4262525459802537,Delayed
SHP00241,2025-08-29,Sea,West,1055.4262743931226,39.769630299696345,1550.9392397338042,262.1538604330901,9.562052328060755,2.2767399945871483,Delayed
SHP00242,2025-08-30,Sea,North,909.8869867261207,72.7849716443267,1166.1567975393618,221.73069393538017,9.441575187369496,4.4289468473725,Delayed
SHP00243,2025-08-31,Sea,South,1059.8282655908272,68.46204304530212,1323.3195262372897,223.72869193258,8.867451720448141,1.697278983257039,Delayed
SHP00244,2025-09-01,Road,North,285.8077982166226,59.303963637678436,999.6606820473478,72.34064280346138,5.799109948148337,-0.4827570935988643,On-Time
SHP00245,2025-09-02,Road,South,748.7780060084966,103.16127661350619,2191.6762057278456,260.09188319752417,4.6985438553300085,1.7775256969257924,Delayed
SHP00246,2025-09-03,Sea,East,385.2017210410755,74.6419009995559,908.623112326587,88.83452990247874,7.447987117684096,0.2992484944901481,Delayed
SHP00247,2025-09-04,Road,South,190.10487490557617,79.99467426774042,681.6401066382932,53.60002200651941,2.5798874325790857,2.6634628351844247,Delayed
SHP00248,2025-09-05,Sea,South,363.6472472221315,145.50942238810558,1618.6313007504314,113.4589483720555,10.051166777297512,3.8358295671301095,Delayed
SHP00249,2025-09-06,Sea,Central,1370.5057903503416,137.0634732370968,2263.5049872483823,421.2343151365094,12.53699243753324,0.07860913404053083,Delayed
SHP00250,2025-09-07,Sea,West,1368.3851392515332,95.97944768239743,2182.4496351117946,322.79059942466426,10.690108924009738,4.893274099536848,Delayed
SHP00251,2025-09-08,Road,West,300.97579458103377,117.54571043743893,1385.399470516045,85.43083985702059,4.061432123275665,3.470868169053799,Delayed
SHP00252,2025-09-09,Road,East,669.447878586322,24.853926965200696,1551.2117480480717,219.6558883365566,4.965842232339969,0.544210848577677,Delayed
SHP00253,2025-09-10,Sea,East,868.564953467582,103.76279980232452,1806.2233739013352,158.62259766369445,9.001953112907913,2.176858187644846,Delayed
SHP00254,2025-09-11,Road,West,317.0829804928149,67.72059801879868,1042.4728076743831,80.56280774577596,1.471242736300506,1.2637422174504591,Delayed
SHP00255,2025-09-12,Road,Central,921.7913301528848,101.98973378053894,2607.209793635351,201.06709915577306,6.4728552759835,0.5549849820107341,Delayed
SHP00256,2025-09-13,Rail,West,1115.790364383752,47.306716005039355,1518.1204635833576,274.55973362469547,6.977686312587334,5.2828626411825255,Delayed
SHP00257,2025-09-14,Sea,Central,593.532771985202,58.271766552412856,1039.9070502664085,148.8094880308954,9.680062481935892,1.7940111524767282,Delayed
SHP00258,2025-09-15,Rail,East,399.51631232143677,55.35477024461529,1105.5918929958723,122.62516538059653,6.430541642791537,-1.6024209015776494,On-Time
SHP00259,2025-09-16,Rail,North,597.882393816687,65.64042101725362,1320.356167612672,117.15488664922937,6.656592868439496,-2.0,On-Time
SHP00260,2025-09-17,Road,East,225.61405094516024,106.4149412084697,1618.358409797032,60.27037141208008,3.096614968769358,-1.9677423011305688,On-Time
SHP00261,2025-09-18,Rail,East,1192.5277838728791,40.329008729729104,1839.819109328961,329.03405510230255,7.180379954361564,1.7237612522954333,Delayed
SHP00262,2025-09-19,Sea,South,538.9022006928188,69.993054161717,990.1657260261479,142.27384153204406,7.220944766752146,-0.3537841807976436,On-Time
SHP00263,2025-09-20,Road,South,1235.181733666187,78.46126050829238,3277.150163615701,376.0121125620405,5.542864627746779,1.3332342915319437,Delayed
SHP00264,2025-09-21,Rail,South,721.787324531516,34.26830716400373,1385.3463993519815,177.0143812582038,7.60585150023122,2.8409907124034315,Delayed
SHP00265,2025-09-22,Sea,South,354.78336196962596,77.54769531722518,699.2504540407053,120.85496575862726,10.541225891210777,5.571783826080721,Delayed
SHP00266,2025-09-23,Air,Central,117.00692539646201,50.51847457529008,813.0544201471524,30.644884279038283,3.6916127065811715,-0.2961830842208927,On-Time
SHP00267,2025-09-24,Rail,West,635.2206078367558,68.49414386850653,1154.4941642959607,176.02367337857066,6.913573568144754,-2.0,On-Time
SHP00268,2025-09-25,Air,North,535.2919294564175,122.76233769565314,3487.7568247954623,171.47554513550963,5.5073595909531505,4.981005163326817,Delayed
SHP00269,2025-09-26,Road,East,867.1767089815887,68.02519255480065,2190.7933221277835,196.66712550750995,4.895339034571785,-2.0,On-Time
SHP00270,2025-09-27,Road,Central,328.47640176466666,131.88878382997873,1730.885583675555,63.32510792591941,2.234649446991403,-2.0,On-Time
SHP00271,2025-09-28,Air,North,605.5737852390625,60.76382000965178,2966.706174728153,181.86790323748158,6.149099221615563,4.916125649917245,Delayed
SHP00272,2025-09-29,Air,Central,858.3492435527345,45.568817013933796,4131.408400108018,224.9836501817743,4.7047989343576795,3.1655788193436987,Delayed
SHP00273,2025-09-30,Sea,Central,861.1800465414229,89.88349047864585,1471.737177507901,286.2611757135827,7.657921017761264,1.712100853065455,Delayed
SHP00274,2025-10-01,Sea,East,1367.972200381515,81.35797200909346,1608.7506740180029,474.76242411738593,13.699053602429938,0.37519750636631527,Delayed
SHP00275,2025-10-02,Rail,West,1300.4117818324107,96.11449670349627,2198.6359468431797,322.3052260234001,7.6342979322742455,-0.09801004348813513,On-Time
SHP00276,2025-10-03,Rail,South,713.090239250692,56.65450012351478,1512.4093446138086,178.71797933989907,6.063324519894122,-1.1270650624858467,On-Time
SHP00277,2025-10-04,Air,West,678.1430312978092,102.6163359847759,3639.4629290229104,169.09743490531437,5.239716982089526,-0.2076079356885402,On-Time
SHP00278,2025-10-05,Rail,East,852.3788669690739,46.8511674500393,1615.953054020975,200.45751698927586,9.238213125436584,0.38146154742319455,Delayed
SHP00279,2025-10-06,Air,East,174.1505706289154,228.68445495661913,2776.825571363398,54.489415915182185,1.4669337104813025,-2.0,On-Time
SHP00280,2025-10-07,Air,East,232.43204396989253,103.32502430050499,1828.9338092978842,71.82830710941583,4.644605610020444,-1.5505712899311401,On-Time
SHP00281,2025-10-08,Sea,North,311.83271652812016,248.53122391230875,2171.5682862686253,81.50360111518512,10.583034835000982,-2.0,On-Time
SHP00282,2025-10-09,Road,West,652.0793092922726,109.90271115416293,2177.7385892811894,122.3251270444549,3.774031140450229,0.6948186302507835,Delayed
SHP00283,2025-10-10,Road,West,491.0184968650225,113.5123233204881,1673.7708567866007,114.22321773202509,4.164674613064821,0.6952530027108168,Delayed
SHP00284,2025-10-11,Road,Central,373.03141459244114,106.5444230548157,1413.112238213001,85.6821518474647,6.431921347968668,4.946288590662949,Delayed
SHP00285,2025-10-12,Rail,Central,706.2071495843899,41.48137538292012,1175.7193219639194,224.4925409997574,4.4073443946464845,1.4388873050813973,Delayed
SHP00286,2025-10-13,Road,Central,2000.0,78.32708483695157,3907.081639327575,389.77569496149937,10.720507749440442,-0.8901051672884455,On-Time
SHP00287,2025-10-14,Road,East,167.83756747347658,65.11426420989596,605.5253953711697,53.19860342983155,4.610892511099063,-0.0008875042493323715,On-Time
SHP00288,2025-10-15,Rail,West,504.97075899467546,84.71599242511923,1236.343662844342,148.3408266678727,7.177129142895467,1.717055781277754,Delayed
SHP00289,2025-10-16,Road,East,1175.7521485891857,79.99493269895174,2827.667733884038,358.03422202508546,6.501251678740424,1.0690315663625043,Delayed
SHP00290,2025-10-17,Rail,North,679.1940631382662,45.60135079482524,1059.6075914127196,172.1595586379162,9.649102277552078,1.9457147980289953,Delayed
SHP00291,2025-10-18,Road,Central,259.4806933477643,115.22026314973736,1359.1857815206224,76.69039734419009,7.058371383676491,1.4426119338448373,Delayed
SHP00292,2025-10-19,Road,East,738.8687268508592,157.17463003434213,2345.341837385639,209.49508580161122,4.561401269341365,-0.1316106629750018,On-Time
SHP00293,2025-10-20,Air,East,1324.835708996247,61.330609398760046,6592.278143513739,411.6617393847893,6.24427767146481,-0.8394832276824988,On-Time
SHP00294,2025-10-21,Road,North,475.4935587119411,85.9200685913561,1576.26130384649,121.70299091594659,7.147451485054431,-0.9739055098999154,On-Time
SHP00295,2025-10-22,Road,South,924.8573281689711,91.07992036167636,2439.6644389934413,240.8146805727559,4.4708821951190565,-1.813178211555147,On-Time
SHP00296,2025-10-23,Rail,West,323.6891639813908,54.281326046667616,895.9151978487441,93.67821993113246,6.091098466753276,-2.0,On-Time
SHP00297,2025-10-24,Air,South,286.7310617702289,74.9325057123763,1901.4689491892582,56.879750785754084,3.941336466883624,5.096159827156187,Delayed
SHP00298,2025-10-25,Road,Central,421.623026875522,25.603957666047094,891.1871959182165,107.16036464968494,0.8245413214885624,0.8117753791151392,Delayed
SHP00299,2025-10-26,Rail,East,870.1921202928902,93.34208381625902,1960.4153971895864,300.41785601842673,8.747663176196212,0.11174637222916378,Delayed
SHP00300,2025-10-27,Road,North,1603.1804749122537,119.98194952386926,3869.1126231971266,298.8070203565522,6.114433993734561,-0.7397107904322655,On-Time
SHP00301,2025-10-28,Road,North,1529.2133991733813,62.91235081988909,3231.025010770185,357.4089834407999,7.507191248039372,1.5721977733273322,Delayed
SHP00302,2025-10-29,Rail,West,426.25374071097843,58.550116343908336,978.6072215163651,99.48705584272791,7.759663531073347,3.509159715140183,Delayed
SHP00303,2025-10-30,Rail,South,698.0393996728756,111.22985254390981,1722.991339985418,200.81818723707732,3.5285708661136947,2.3081611906393498,Delayed
SHP00304,2025-10-31,Rail,West,674.3631230085325,33.074008074564006,1047.462971617954,133.51449847697282,7.789284600943356,2.803972718278776,Delayed
SHP00305,2025-11-01,Air,East,970.73901090915,79.62273503274862,5072.223383729351,278.4588978078403,7.473382036074961,-0.9663219554599469,On-Time
SHP00306,2025-11-02,Sea,West,149.17233365988287,52.13042725214934,410.91948499273406,29.26117372201073,6.915868652835032,0.4896768955415511,Delayed
SHP00307,2025-11-03,Rail,North,635.0834560306598,35.1888857471644,914.1925778530608,124.56661548159433,7.375053189970254,-0.9334452796473987,On-Time
SHP00308,2025-11-04,Road,North,166.33358709179373,99.38628402218237,1178.380282356983,50.530675153012744,5.530314338656808,0.7675784970081054,Delayed
SHP00309,2025-11-05,Air,Central,1810.8302106570904,108.15949201054514,8992.2259829321,425.73157798748883,4.585269096287691,3.6814775201455263,Delayed
SHP00310,2025-11-06,Road,Central,1392.0631626586878,133.4369649145874,3718.9183774238018,481.87923085299184,8.354694431430302,1.5985096122596039,Delayed
SHP00311,2025-11-07,Road,East,381.56397962661106,41.95218665038658,1083.7645066257721,71.10444729589531,5.3588998514431045,4.566785914990129,Delayed
SHP00312,2025-11-08,Road,South,1952.6397045935726,113.94241003079144,4343.396562003327,499.2277473671819,9.669914303518167,-0.2213090261253543,On-Time
SHP00313,2025-11-09,Road,West,294.3542898416951,92.37108109221337,1355.0708249220593,58.645120431739066,3.9841189677327584,-1.5174026350426173,On-Time
SHP00314,2025-11-10,Sea,East,735.4763947723316,42.350255330824666,1180.3094416355361,176.31901012293338,7.836021151494117,1.780321216735698,Delayed
SHP00315,2025-11-11,Air,Central,663.5162006827646,36.38640299932044,3343.9610604851923,232.03016665983813,5.385042287013251,0.7971459080570473,Delayed
SHP00316,2025-11-12,Rail,West,246.10506967144252,160.23854518450878,1677.0721865418209,81.48618274817937,6.145126829679832,1.3067556329116687,Delayed
SHP00317,2025-11-13,Road,Central,1142.2062750084287,67.0596890003294,2566.6831794272966,214.9805248167374,4.780179708868297,0.9330504074162452,Delayed
SHP00318,2025-11-14,Road,West,1097.4266184551582,29.964746061355235,2364.041864142202,302.61922384443193,5.324936689987715,-0.7110859333786903,On-Time
SHP00319,2025-11-15,Road,South,1043.5100638336153,70.00271278468597,2351.236254938549,302.7533575822825,6.422939522155838,0.9893401194249992,Delayed
SHP00320,2025-11-16,Road,East,699.4411957783755,61.01397560335161,1797.8874110889662,150.81413038865776,2.49559251231306,2.933426339572927,Delayed
SHP00321,2025-11-17,Rail,West,1211.6400344041751,73.39977419502989,2426.592157710639,247.98387892294463,8.396500721908113,3.190269269754886,Delayed
SHP00322,2025-11-18,Air,North,473.4182820450242,76.72196995434491,2824.9901872412174,158.00088649294227,2.3535410038118263,-0.7237914979634295,On-Time
SHP00323,2025-11-19,Rail,North,1172.2874505191041,61.11593533429663,1832.5657387085178,404.0860716487203,10.192965411897278,1.077514829326212,Delayed
SHP00324,2025-11-20,Road,West,617.419770124043,152.00747894778564,2263.9215815518523,215.24598281450324,2.296206584291466,4.192777707203969,Delayed
SHP00325,2025-11-21,Sea,West,531.470223339297,64.69221451499502,985.1596625317758,167.019567467243,10.28602400790169,-0.669726872648811,On-Time
SHP00326,2025-11-22,Air,West,875.9357323248757,32.574051112226485,4329.990071619165,256.4699108992836,6.009282709955469,-1.1236159985813792,On-Time
SHP00327,2025-11-23,Rail,North,885.3906110495233,162.6924190870937,2385.874712331285,211.4083842609831,5.177901277125778,2.486007409922177,Delayed
SHP00328,2025-11-24,Rail,North,579.8789226391655,42.637225313154936,939.6733376864785,121.27455175286805,3.817896667077546,2.047398017451197,Delayed
SHP00329,2025-11-25,Road,West,370.1377620972691,51.649930180752236,981.9028643027987,71.5945265682565,6.523330589544509,-1.5924402043302779,On-Time
SHP00330,2025-11-26,Road,Central,877.6984358600123,101.83362488747001,2417.3335833012293,261.4317560894718,4.216894104324437,-2.0,On-Time
SHP00331,2025-11-27,Road,Central,159.79324277415472,50.273045834361554,696.1714516791897,50.079678562042076,7.878090502024332,1.0288902557408677,Delayed
SHP00332,2025-11-28,Air,South,415.02569059686687,46.07899594986427,2304.494000652668,133.01453894302932,0.5,-0.546492744662316,On-Time
SHP00333,2025-11-29,Road,East,813.5357879017597,108.28647262387597,2468.2796835819095,272.8111322486844,5.681050587491368,-2.0,On-Time
SHP00334,2025-11-30,Road,Central,294.9548798930868,91.98517578629225,1675.9041454593191,97.2135965695022,3.8186663767551763,-1.2180063096211617,On-Time
SHP00335,2025-12-01,Road,North,637.9224049365417,134.83469198784766,2007.6328372734165,223.24478352982158,4.759423413483107,2.0065245375864373,Delayed
SHP00336,2025-12-02,Road,Central,856.3809612819229,73.88966659082156,2235.632382127,189.68057432624371,6.05174443530524,0.12147322272251349,Delayed
SHP00337,2025-12-03,Sea,South,537.6103248836537,15.35527928364637,621.4376829227028,166.53140782912624,9.402306243892552,4.415260112546652,Delayed
SHP00338,2025-12-04,Air,South,492.85209977646235,14.761781937637394,2059.2422698285914,137.8498043180891,2.4386702822140633,-2.0,On-Time
SHP00339,2025-12-05,Road,East,420.46139029008043,47.22462009986324,1322.05707186881,94.35644382386589,2.442416342785548,3.8449809287178716,Delayed
SHP00340,2025-12-06,Road,Central,739.4326497839995,186.8096362921256,2888.631843935496,256.52686219137973,7.22213657276467,-0.3597584494154714,On-Time
SHP00341,2025-12-07,Road,North,1288.0256972646089,95.9936454685313,3206.36636274757,428.45231702828215,7.6554504457610095,-0.7210533398909504,On-Time
SHP00342,2025-12-08,Road,North,514.1160268380613,113.20268983897257,1576.1175252556386,103.77311885482858,4.76968230218588,-2.0,On-Time
SHP00343,2025-12-09,Road,West,246.47913876339325,172.14013325991618,1787.720976728706,45.46231754426106,5.055111408044793,1.662704622856898,Delayed
SHP00344,2025-12-10,Road,North,983.5034470373132,102.68199959205236,2429.8826596694385,292.11648563423796,7.033877577103913,-2.0,On-Time
SHP00345,2025-12-11,Road,East,846.5720554776938,95.89773013139661,2615.4766823131135,239.32778838816336,4.308944403539508,2.5447591114947934,Delayed
SHP00346,2025-12-12,Rail,East,1904.4125768866543,114.73802267157637,3374.8818254982534,645.7647013543288,11.41963281061397,-2.0,On-Time
SHP00347,2025-12-13,Rail,North,1059.5816461618363,92.41799367303545,1908.6967572856677,232.87580656372336,7.211255841796977,-2.0,On-Time
SHP00348,2025-12-14,Road,North,400.0097438325785,70.57872775612029,1054.1515258051631,77.74027413126936,5.238039060348553,-2.0,On-Time
SHP00349,2025-12-15,Road,West,327.34020221586024,78.75502773961003,1248.3608458629917,73.34600836049837,3.584186272868619,-1.2898749184837435,On-Time
SHP00350,2025-12-16,Rail,North,421.1416670920041,103.14212105043669,1494.3702692580523,77.16060715001043,7.193853050113271,2.855189852748752,Delayed
SHP00351,2025-12-17,Rail,West,1525.8020352709593,44.29892950061201,1925.095837514658,283.9544559274157,8.45484660081646,4.259891334054135,Delayed
SHP00352,2025-12-18,Sea,West,920.4987638201818,99.534082784493,1484.9553490651322,308.8511089892542,11.178517248544688,-1.0314838723500679,On-Time
SHP00353,2025-12-19,Rail,North,1056.2783550552224,86.84032325854325,1796.4189057825188,253.34077835187165,6.532230553951863,0.3835922467348359,Delayed
SHP00354,2025-12-20,Road,South,998.8584755064774,15.198859942225628,2049.5780603360527,249.55233451155357,5.492572789175271,1.7247932726812782,Delayed
SHP00355,2025-12-21,Road,South,1123.1214283115996,49.029560153731325,2358.3806889090533,205.66956890658608,7.452253584567979,-0.3232809093347633,On-Time
SHP00356,2025-12-22,Rail,West,344.66961198642446,67.81717114856696,906.9504252156191,77.89143844852661,6.562339367766583,1.6268940682324913,Delayed
SHP00357,2025-12-23,Road,North,599.854471419665,45.65747560638034,1471.1960555022847,190.03594639007028,4.755565660773385,0.4898013212399217,Delayed
SHP00358,2025-12-24,Rail,South,729.6235147950562,138.395741668894,1850.9720292558675,207.67526780693444,10.058845854669975,-0.13364969689132844,On-Time
SHP00359,2025-12-25,Sea,North,1082.1614340740837,31.09466573479212,1006.1496060358775,333.460148495648,11.800093257344688,-2.0,On-Time
SHP00360,2025-12-26,Rail,North,730.4042955004638,82.16326581969524,1739.2440555121614,187.00273552812746,8.326641927482498,0.8726079948116746,Delayed
SHP00361,2025-12-27,Road,North,944.5316398207044,61.79514206813772,2413.8909444943083,219.74903362032643,6.5290098412569,2.895939261620144,Delayed
SHP00362,2025-12-28,Rail,Central,599.7841276092917,123.07849079693017,1731.3062484260681,157.19005417641844,8.071483637712822,-1.4456946193507068,On-Time
SHP00363,2025-12-29,Road,North,699.1666466682174,47.36436832256403,1675.2382364334464,164.24968404084956,7.246407385878668,-2.0,On-Time
SHP00364,2025-12-30,Rail,Central,464.8294671681226,61.9158513823865,1242.2742681478403,149.9656470224607,5.545558112451798,-0.298876605738259,On-Time
SHP00365,2025-12-31,Sea,West,378.50506340076544,42.150603451201825,701.3574181608645,87.28498287298373,9.829719005374105,4.274426612018798,Delayed
SHP00366,2026-01-01,Road,South,848.6757486473526,108.44693028179589,2332.3301039280545,247.9489530101335,6.062002632450292,3.5298748387193757,Delayed
SHP00367,2026-01-02,Sea,South,456.8296630666249,43.23744212561719,762.9471027815194,92.86752157083492,7.970759314869781,-0.9511555144564645,On-Time
SHP00368,2026-01-03,Sea,South,381.91495554153056,122.3789472345722,1531.7303334390758,113.33987168849046,8.621480972891664,1.6387875124746414,Delayed
SHP00369,2026-01-04,Road,South,512.8059479068452,73.3605322807717,1517.9332147428156,171.92380975934972,4.701450386152883,2.033864782876417,Delayed
SHP00370,2026-01-05,Road,South,654.4248403975346,66.81728077880305,1612.0955787479538,185.5027000250107,3.4510822722123304,4.2258453037241654,Delayed
SHP00371,2026-01-06,Road,South,791.3473961105093,67.9413400568277,1990.006340846303,217.75934782197797,6.434463612771009,-2.0,On-Time
SHP00372,2026-01-07,Road,South,380.9077228299742,60.867456258174634,1271.0070217897153,130.79994315260535,3.7721831781482904,-2.0,On-Time
SHP00373,2026-01-08,Road,West,556.4495086277494,176.4580763111158,2493.7117502547303,159.5103773894366,5.197572128473303,-2.0,On-Time
SHP00374,2026-01-09,Rail,North,809.4678954648946,68.51280510983796,1602.3875076473184,181.42083749173685,9.22919593556035,-1.1960229958621806,On-Time
SHP00375,2026-01-10,Road,East,381.6574366087036,57.91112367350224,1026.2707234136699,87.66918405991755,4.106800591575005,3.165763918672087,Delayed
SHP00376,2026-01-11,Road,Central,1428.6408042788867,92.50849589567692,3427.13694985118,428.45241910968014,9.424769624309222,-0.8992978998892023,On-Time
SHP00377,2026-01-12,Air,East,1254.6252447539293,52.58950149841564,6070.799504261851,382.69108787991394,4.289585690310503,-2.0,On-Time
SHP00378,2026-01-13,Road,East,929.0876805905953,24.657097981146848,1762.845933791828,215.17146621665026,3.645915349739905,1.0665910437052457,Delayed
SHP00379,2026-01-14,Air,North,980.8301307341692,94.49607110319532,5284.026914177129,234.13246596516632,4.092360254475831,1.1309220919683864,Delayed
SHP00380,2026-01-15,Road,North,601.7714648449545,91.99043533160513,1751.0662920362445,209.70508326345978,0.508332967240908,-2.0,On-Time
SHP00381,2026-01-16,Road,North,536.0676376458086,26.28872149288556,939.0869174222071,105.78326338517486,5.536312903289836,-0.7651147679619998,On-Time
SHP00382,2026-01-17,Rail,South,1833.4198259077123,121.29623552873157,3020.383318152559,456.13588565488976,8.8538625229647,0.8764413016140653,Delayed
SHP00383,2026-01-18,Rail,West,714.0714258101895,60.453507409185534,1313.2682302886492,136.11349624472427,5.949513760513913,2.364966241729472,Delayed
SHP00384,2026-01-19,Sea,South,547.6788918841082,154.6784414317425,1817.0838764663292,175.02903940550607,10.498539351006778,-1.1221811337226308,On-Time
SHP00385,2026-01-20,Air,West,355.6314341633716,137.7562647462364,2572.7810788918496,69.59664228374812,3.16008404069572,-1.4824408667766864,On-Time
SHP00386,2026-01-21,Air,West,708.9073735055417,23.52050331988526,3342.14783826839,208.83082064587447,2.6953009143553333,5.281386723579852,Delayed
SHP00387,2026-01-22,Road,East,741.3441266498648,186.9137978098215,2647.23872569887,140.5604640854451,2.601722505192159,-0.1850655768619449,On-Time
SHP00388,2026-01-23,Road,East,700.8457172305895,63.95237000941946,1920.4461885263884,206.3187162677173,6.808919324287109,1.1235857605351356,Delayed
SHP00389,2026-01-24,Air,West,973.5315833044043,59.030236148134534,5110.733681148229,314.7586109283212,5.394084616034377,2.1209123909890746,Delayed
SHP00390,2026-01-25,Air,West,560.3969765877232,218.71726224314986,4512.916871263202,138.86618002646813,7.099812114720277,-2.0,On-Time
SHP00391,2026-01-26,Sea,South,1425.1372481964327,76.3223351965409,2037.9491375220375,383.0220300656234,10.60126392846117,0.4536825957537358,Delayed
SHP00392,2026-01-27,Road,South,466.1019839928692,42.17530903117694,1305.7625370046194,115.71545524455163,1.884351830093757,-2.0,On-Time
SHP00393,2026-01-28,Road,East,502.02238251529417,52.242423483278344,1010.7977477332759,116.00888288248242,5.716718278244261,0.17305637808149482,Delayed
SHP00394,2026-01-29,Air,North,538.6619531224804,115.37146576560986,3373.5265000090567,170.51601504516094,3.09789686326471,3.9328097545912213,Delayed
SHP00395,2026-01-30,Road,West,591.4257031883989,149.1137716096047,2183.0625450669695,133.80440985835563,5.960452354274441,-1.99617081680486,On-Time
SHP00396,2026-01-31,Sea,South,422.30040002384817,118.88472397587907,1463.218105985231,127.91495254771925,11.296916191241428,-2.0,On-Time
SHP00397,2026-02-01,Sea,East,154.80716587171685,51.805969346655004,173.13452270558594,33.29182338349805,8.31234677371592,5.219214442166482,Delayed
SHP00398,2026-02-02,Road,South,412.28854075847954,69.55845627180506,1327.5321789552304,91.72395302450353,4.315351478304936,-2.0,On-Time
SHP00399,2026-02-03,Air,West,957.6882880239187,39.534245495364985,4593.704692495694,227.16212735607368,4.5008911281517685,-2.0,On-Time
SHP00400,2026-02-04,Air,West,280.85125433827704,27.867394534450693,1654.534290737563,78.6823280716048,0.5,4.547578923475449,Delayed
SHP00401,2026-02-05,Road,Central,938.229662121463,173.34792284085327,3307.7948325966704,241.36126400599966,7.805757507496983,-2.0,On-Time
SHP00402,2026-02-06,Sea,North,1854.7843829224819,70.59010878110902,2094.6999123271903,568.815291494392,14.449680465586995,4.612285524321561,Delayed
SHP00403,2026-02-07,Rail,Central,1325.950108291579,89.83969854477586,2177.301152923579,286.81154894389766,9.583393354636735,1.1852270704266359,Delayed
SHP00404,2026-02-08,Air,East,742.7608912912987,66.81481172571972,3911.5169977983587,135.0445432983357,1.4202604211979701,3.7098926916835917,Delayed
SHP00405,2026-02-09,Road,South,491.98938000559485,88.07958438146413,1850.2819627900153,153.5079533450019,4.213291729509075,0.965165840238127,Delayed
SHP00406,2026-02-10,Sea,East,517.1887542401917,123.19706766127238,1460.0681216988041,165.33510098322654,11.319898971734993,3.1992559118218935,Delayed
SHP00407,2026-02-11,Road,West,729.856429913531,187.62279808497513,2622.849746221007,138.7541938989194,4.7790224692568914,-1.7961220564519182,On-Time
SHP00408,2026-02-12,Road,Central,961.3383304998284,140.8956768462381,2766.6941427451025,272.87999845503083,7.805814282412593,-1.0340069100583344,On-Time
SHP00409,2026-02-13,Sea,Central,1076.854123880182,64.73063845265763,1517.413443782944,263.0702432302742,10.518985465284693,-2.0,On-Time
SHP00410,2026-02-14,Road,Central,1683.89577094077,50.36820886603472,3469.9884229062573,530.3636199488893,8.659709915979509,2.929453694394628,Delayed
SHP00411,2026-02-15,Road,East,1966.1101405658824,95.9651105991133,4201.105992472639,646.1630300527544,8.032384928565182,1.5489233582883757,Delayed
SHP00412,2026-02-16,Sea,West,859.5112989557388,105.28936379406696,1522.006475345757,279.0580838247751,10.167258800880507,-2.0,On-Time
SHP00413,2026-02-17,Sea,South,428.5889977632167,58.00053187409486,702.4991537961943,133.77322180037984,9.201838042940814,-2.0,On-Time
SHP00414,2026-02-18,Rail,South,958.1998169149095,48.8572402193052,1711.8733796304023,216.30295241930284,5.884291914102224,1.2045328715628587,Delayed
SHP00415,2026-02-19,Rail,East,301.8506964053821,94.53463764416524,993.2816599457722,95.99493258658914,6.298492685983225,4.689886336930476,Delayed
SHP00416,2026-02-20,Road,Central,351.9955489744314,110.22266224279959,1445.6541555086308,95.282147144153,0.5,0.15509769354419167,Delayed
SHP00417,2026-02-21,Road,North,1238.1699480881723,39.09412330864808,2467.470955549302,233.9752720140238,5.3525653168133385,-1.146115096304292,On-Time
SHP00418,2026-02-22,Road,East,901.060010894176,44.08985190319739,1733.7332477077875,232.18478722239072,6.135225317213459,-1.8426857003699202,On-Time
SHP00419,2026-02-23,Rail,East,797.2745718876317,76.0818796876219,1435.8722280434608,271.20637643138093,8.880998838451896,3.623371769415806,Delayed
SHP00420,2026-02-24,Air,West,1662.9528997517423,44.09212892583818,8020.245720182527,550.3311295917673,6.905378483799747,-1.448119561025687,On-Time
SHP00421,2026-02-25,Air,South,867.579818243428,97.8683742579043,4505.662999890052,171.2471797582634,2.1370375102707473,-0.42794775004420504,On-Time
SHP00422,2026-02-26,Air,East,751.0253322319027,96.17718785061513,4004.485152574528,230.19041833315657,5.429391567099289,3.104337269796948,Delayed
SHP00423,2026-02-27,Road,East,626.3803364133643,96.34638642641052,1698.3738308884508,198.55303765233492,3.1161912091230297,2.093704012090792,Delayed
SHP00424,2026-02-28,Road,Central,468.3694420916574,45.12800957747033,1190.497338350057,105.9151884100006,5.01020739743197,-0.3322733249666969,On-Time
SHP00425,2026-03-01,Road,Central,870.5075021615838,41.33698708953489,2180.4309087970737,226.482946204435,3.5580636032761466,-1.2474423531233632,On-Time
SHP00426,2026-03-02,Rail,North,608.1077788432856,82.07708578030076,1366.441887625288,182.96014082932422,5.533625300042425,4.163945724363453,Delayed
SHP00427,2026-03-03,Road,West,262.6546319793362,54.30734972184869,917.2514541407531,66.88160147017685,2.1176256002142377,-2.0,On-Time
SHP00428,2026-03-04,Sea,North,748.0129763554395,41.09650204516598,882.666609701175,148.98584077484801,9.573931716617615,-0.02571296281846025,On-Time
SHP00429,2026-03-05,Road,Central,643.4237863942786,54.3939617537266,1584.0718028206734,193.02714595305187,4.347240581384969,-2.0,On-Time
SHP00430,2026-03-06,Road,South,1238.4015061716327,29.899218325254125,2652.6740036631145,414.8379746078246,6.967760942552908,3.472167944842588,Delayed
SHP00431,2026-03-07,Road,Central,91.09729865794411,109.2748775316447,1059.610565983183,26.502245107901697,3.3394083911094743,-0.6872146897075151,On-Time
SHP00432,2026-03-08,Air,West,941.9401997567852,98.55078660024404,5346.90270401681,293.4578213416625,2.161951903211612,-1.2490644967891393,On-Time
SHP00433,2026-03-09,Rail,Central,654.7220437733159,78.88899009425657,1605.7003301278853,157.73670267800267,7.222625280118179,2.1541561634618183,Delayed
SHP00434,2026-03-10,Road,West,220.75818290776562,14.175540287058613,497.82159971370703,46.61169991342585,0.566242191396225,-2.0,On-Time
SHP00435,2026-03-11,Road,West,717.3578114791721,60.67456517921719,1760.77240075743,207.51118628599286,3.560893675172163,2.0884534530471015,Delayed
SHP00436,2026-03-12,Air,West,480.8075933257517,85.23926678525284,3090.18677489145,113.33649718777463,2.5014174649525103,-0.40135698016876575,On-Time
SHP00437,2026-03-13,Road,West,459.1660044229172,29.271179857746127,1081.2670832015044,149.78568940429028,3.3247154248716644,-2.0,On-Time
SHP00438,2026-03-14,Air,West,909.8708948356534,46.73400351802321,4679.629288945385,182.7446289765424,1.5881454902207346,-1.9756574256545467,On-Time
SHP00439,2026-03-15,Air,South,1027.2243672565548,58.66430921928618,5392.260227427787,260.5953468029772,6.517578922893479,-1.210500248904344,On-Time
SHP00440,2026-03-16,Road,North,905.2755468892643,109.00149107535412,2470.875007829892,224.00472367168177,8.164069586933328,-0.6101091886593459,On-Time
SHP00441,2026-03-17,Road,East,618.2053350807182,78.75828034402755,1795.6291507877656,209.8616427807405,8.08000961574817,-2.0,On-Time
SHP00442,2026-03-18,Sea,North,847.3243968427645,55.66847587249738,1354.940391823424,174.5767163665174,11.451673284759433,1.2362899739201152,Delayed
SHP00443,2026-03-19,Road,West,906.6732615422118,36.698625586372934,2040.7258813203425,164.71892207900893,4.701206478049964,-2.0,On-Time
SHP00444,2026-03-20,Road,South,1475.8544118143925,132.7568641312469,3832.666464253957,325.38824311714666,6.835245743537884,-2.0,On-Time
SHP00445,2026-03-21,Air,Central,580.6118370853314,28.972735459150606,2644.514076480536,185.47474793506674,2.318009850280835,5.299049071993807,Delayed
SHP00446,2026-03-22,Sea,South,799.562742396888,11.620447583185513,685.3075395984133,172.3735009293883,12.327479549744297,0.9948188727474174,Delayed
SHP00447,2026-03-23,Sea,West,1196.5775728234016,129.16906504042055,2035.982282723248,264.3829422067805,10.963086778653203,5.523728979113937,Delayed
SHP00448,2026-03-24,Air,South,1102.6248292816776,67.77236620382092,5686.153781918418,222.8215092906721,6.630719161047631,-2.0,On-Time
SHP00449,2026-03-25,Road,South,122.12683693389656,58.509231190420124,502.59591993534184,36.836403938908596,4.9611375707815135,1.6994867857199956,Delayed
SHP00450,2026-03-26,Road,West,485.9827364664118,125.12075113573685,2104.218940802262,93.19186117104827,4.867959172398481,2.73652174715815,Delayed
SHP00451,2026-03-27,Air,South,876.8569297497199,57.67482189355143,4524.229876133953,207.20603751980832,1.8482599251627678,0.02663435456686014,Delayed
SHP00452,2026-03-28,Rail,East,377.85714591979814,136.44031840495384,1718.0856560518046,86.1607939019494,6.196715656425175,-2.0,On-Time
SHP00453,2026-03-29,Road,East,385.35202103565825,88.8575180110149,1265.0638203655542,105.7317908447003,4.315108066545995,-0.16120283555573656,On-Time
SHP00454,2026-03-30,Sea,South,663.7315782200493,162.88292883042084,1911.2672054449306,201.88774193726317,11.71816303279505,2.065992332740599,Delayed
SHP00455,2026-03-31,Road,Central,950.592647333882,65.04604044098103,2276.2765066485335,257.2199080493364,5.606532751871741,1.9705511247517462,Delayed
SHP00456,2026-04-01,Road,West,410.5305830387516,45.57235005382289,1141.77890020374,138.8719943794241,2.113215900051891,0.49592846885485803,Delayed
SHP00457,2026-04-02,Road,East,770.3948394119711,134.67327485803742,2508.4455199328554,263.27877592335716,6.93117796952562,2.743219857929365,Delayed
SHP00458,2026-04-03,Road,Central,184.80419848618286,34.18558679331368,564.6532795623718,44.62080848084411,2.876619938558097,2.625215303730884,Delayed
SHP00459,2026-04-04,Road,South,508.61563788903254,62.84154424848132,1438.5215643476579,158.79268293100822,0.5,-0.8091690001487588,On-Time
SHP00460,2026-04-05,Road,Central,1314.8463196179114,90.30484780125512,3244.1967509820593,401.8120850834202,7.245874231097869,-2.0,On-Time
SHP00461,2026-04-06,Road,North,150.47683803571505,80.6902663321249,741.4035928551529,49.92881384681998,4.129370021540194,0.9760847700269719,Delayed
SHP00462,2026-04-07,Rail,East,885.9837185296327,121.91147266250111,2270.5297613713783,226.9451005826304,6.4442607228792435,-1.366593915051017,On-Time
SHP00463,2026-04-08,Air,South,972.7399413766076,129.53825894579953,5560.920651216397,262.8153071406186,4.410845268570434,0.8593715022482258,Delayed
SHP00464,2026-04-09,Rail,West,863.6016837403464,75.62764869225197,1496.5629261239312,216.48908060831812,8.374162524922045,3.863824633879747,Delayed
SHP00465,2026-04-10,Sea,South,372.2278575504475,51.201572263518145,802.1930564218461,120.81179075189802,8.84563854547504,1.5937300396777438,Delayed
SHP00466,2026-04-11,Road,West,888.2714277947392,46.07753965328258,2102.733703680498,194.57531762091475,2.949919271362453,3.740639273054324,Delayed
SHP00467,2026-04-12,Road,South,1630.9021815702222,42.632482132077286,3091.3897853001654,360.0225426527643,9.2768928914741,-2.0,On-Time
SHP00468,2026-04-13,Sea,Central,595.17668573901,65.98441056261193,1069.8310666724947,144.83200144121776,11.626580804386325,3.21863934670173,Delayed
SHP00469,2026-04-14,Road,Central,739.9664764101079,39.67557903157899,1637.5669946655753,162.16978130612674,4.0693339870613165,4.691494829129166,Delayed
SHP00470,2026-04-15,Sea,Central,545.8173689446668,49.82246732975216,792.9782893121833,150.30236323007375,5.971462322766174,0.660805016770064,Delayed
SHP00471,2026-04-16,Road,North,1226.0375491099453,88.05517360417382,2925.1625027458945,248.71804533282796,7.648829045144919,6.305133484244223,Delayed
SHP00472,2026-04-17,Sea,West,713.6640723380793,82.24551791240641,1210.2188220091043,167.30545123274769,8.486321091870899,-1.643578029321513,On-Time
SHP00473,2026-04-18,Road,Central,1153.9742281968859,90.78531935403515,3009.5822259322867,386.9109400325035,7.104605301347744,-1.0970846743986298,On-Time
SHP00474,2026-04-19,Sea,North,1020.0049757223018,107.64059975269981,1685.1326279725586,254.5609400479709,13.815558962445149,2.124838876071171,Delayed
SHP00475,2026-04-20,Rail,West,198.9781670069897,58.57322849751257,826.156469390462,61.12603953937818,3.074454504794303,0.6361638620754717,Delayed
SHP00476,2026-04-21,Sea,South,241.69711461266985,115.75242819571038,895.2388705740611,48.16747297030902,7.138700910420867,-1.3572683319530707,On-Time
SHP00477,2026-04-22,Road,North,354.1704068509706,57.01347808150848,1069.3430864063207,78.65627707014887,3.5369376027202257,2.0477601915394197,Delayed
SHP00478,2026-04-23,Rail,East,434.0486835567722,90.24614768981641,1244.6742753893616,137.70140472996752,8.179024125080552,1.388853783330984,Delayed
SHP00479,2026-04-24,Sea,North,1294.8481543218606,41.962593035986345,1471.9204255852358,401.02586698154056,16.266117366401822,-0.9656916913306219,On-Time
SHP00480,2026-04-25,Rail,North,449.0823862080021,115.33910911431431,1402.1639917848083,110.31551915041793,6.7944931410851614,0.9726290651109317,Delayed
SHP00481,2026-04-26,Rail,West,646.9381077518702,183.16172212163164,2141.492252473529,221.41293278911974,4.917625605387947,2.3975638015773146,Delayed
SHP00482,2026-04-27,Rail,South,1136.3330533949882,62.920832753672826,1980.1474431056038,380.45488859623305,7.577943987430838,-1.0211469662462802,On-Time
SHP00483,2026-04-28,Road,East,110.54376497301695,40.17361960090315,670.2864120229627,37.98185682849072,1.8767308746979312,1.7924895241022192,Delayed
SHP00484,2026-04-29,Rail,Central,598.3024055890697,88.85279876736345,1416.4611439672938,151.21823905549564,7.785440320887569,-1.6676080688033679,On-Time
SHP00485,2026-04-30,Rail,Central,465.64852785547583,86.05142428506001,1082.6940015038049,99.44879321469483,6.8738148885000925,-1.1845609524371177,On-Time
SHP00486,2026-05-01,Sea,North,1160.950454694037,78.77224906298468,1944.125801436535,332.64941928340323,9.191904853024393,3.2789682830506934,Delayed
SHP00487,2026-05-02,Road,West,602.4925389382091,60.039721215653145,1432.8347248778196,178.5856791927006,3.3047331244921,2.0343657327660774,Delayed
SHP00488,2026-05-03,Road,West,1228.4043113712548,27.465443272068846,2211.9379678723376,247.3086249504967,5.622226566012301,-2.0,On-Time
SHP00489,2026-05-04,Sea,Central,360.63834822123175,68.21313718540024,568.386323404345,113.13301288654635,8.05031968879019,-0.43556156260633505,On-Time
SHP00490,2026-05-05,Sea,East,938.274296394361,89.37116151455137,1574.333943408235,171.77009814894575,10.11400678258814,1.724241936482899,Delayed
SHP00491,2026-05-06,Road,South,1414.9802491958126,53.0785268563349,2938.9802055758564,370.8151376362308,6.910991239537077,0.8471640429708459,Delayed
SHP00492,2026-05-07,Rail,East,375.2841895427029,118.38517093043636,1552.065892266685,88.66943279158629,8.082211742210365,2.0455106129598803,Delayed
SHP00493,2026-05-08,Road,South,356.2477309848483,12.536765077094705,833.2027209063167,108.95891008340482,2.9931828367972972,0.7899541494557413,Delayed
SHP00494,2026-05-09,Road,Central,998.0823937369247,78.8845566308982,2471.1549454614055,232.72219670629798,4.9745612585739485,0.1685058163016676,Delayed
SHP00495,2026-05-10,Road,South,404.63373030224983,64.80853645962614,1206.1039269016464,129.70825932285874,2.00798276573302,0.09209466040689585,Delayed
SHP00496,2026-05-11,Road,West,266.5324609866959,33.3668443986653,913.1897757950251,74.93349395895817,3.1111038259489208,3.22794828398634,Delayed
SHP00497,2026-05-12,Rail,North,168.83922057790303,67.4121848385569,1022.0130286648186,53.17791689574205,5.741204280361279,2.237348966076558,Delayed
SHP00498,2026-05-13,Road,North,722.5619127202943,44.17885772759162,1805.3891845867481,251.58732110323646,2.223756163869121,1.5118595093636549,Delayed
SHP00499,2026-05-14,Sea,Central,177.18381079385085,102.09525532794959,906.697727710681,52.35018279421264,7.5597924322521965,0.722082747251944,Delayed
SHP00500,2026-05-15,Sea,West,553.7739345759439,81.32584780249974,1266.2381566206739,192.4040762727493,10.774462702095063,-0.8720467284505462,On-Time
SHP00501,2026-05-16,Rail,East,739.3864251022331,47.79184111039886,1209.2849801857885,136.7141585932742,7.850501935592159,-0.2668841604038472,On-Time
SHP00502,2026-05-17,Rail,West,320.9759671743181,39.64118609145395,536.5405519618172,76.2265917648408,6.197452762687001,3.161677811092193,Delayed
SHP00503,2026-05-18,Road,North,285.631751016507,41.16334494234569,708.5880520501863,56.65078904063368,4.476594415331475,2.926256236340541,Delayed
SHP00504,2026-05-19,Air,North,595.4678627794912,25.41808383219315,2829.2232925445933,133.73722197127066,2.181991922809626,-1.1214310742385838,On-Time
SHP00505,2026-05-20,Rail,West,560.7862370160282,117.83720842491033,1631.235103663048,180.91577666181922,5.696517870531592,0.749799619312252,Delayed
SHP00506,2026-05-21,Road,West,760.7450980142771,89.48408742110594,2394.3010486808653,141.11437780283833,7.0785544130113145,1.7461683065351625,Delayed
SHP00507,2026-05-22,Sea,North,586.4575647429741,34.29042035719811,669.8817497844815,157.42344866451532,10.109054446577863,1.5829610285166589,Delayed
SHP00508,2026-05-23,Air,East,639.3378583168683,112.14416562991613,3972.696960918936,176.72057955187563,2.5302932051328195,1.563706707658579,Delayed
SHP00509,2026-05-24,Sea,Central,964.5130964286109,59.69535284020403,1298.0356767534968,265.62275446412576,7.26930661367701,-2.0,On-Time
SHP00510,2026-05-25,Air,Central,307.4914426763097,54.46346305109529,1516.9614483353544,80.19392277979178,1.2928484510830016,-2.0,On-Time
SHP00511,2026-05-26,Rail,West,1015.2812015606969,47.95273549808745,1526.1004254179852,319.20695204583615,8.482508860329919,3.425486858403282,Delayed
SHP00512,2026-05-27,Road,Central,1249.4730702771024,42.097448410179936,2762.3356627553776,253.27109663987287,5.316407557239622,4.272562997229636,Delayed
SHP00513,2026-05-28,Sea,North,594.7504359392263,82.21301844060598,1244.6799677695371,138.4567670856216,9.651127667363834,-2.0,On-Time
SHP00514,2026-05-29,Sea,North,143.19189436004692,121.6747131765361,1162.9380901359245,40.7629275847489,10.214746157778444,0.4305996583883416,Delayed
SHP00515,2026-05-30,Road,West,516.6298920109025,124.28621955801637,2123.4991634104126,153.6776226177284,4.52702378660036,2.535126993333306,Delayed
SHP00516,2026-05-31,Road,West,796.7257196005595,52.62078845291234,1699.6221595639465,198.14985605071286,5.41963714196335,-2.0,On-Time
SHP00517,2026-06-01,Road,West,688.9227613720128,28.85596750785014,1313.1461460185867,226.52683899967008,5.656017462125696,-2.0,On-Time
SHP00518,2026-06-02,Air,East,2000.0,95.90492509112212,9427.680109334513,501.2677548766109,5.823964466189533,0.26950744468217414,Delayed
SHP00519,2026-06-03,Sea,Central,95.81505934379584,74.81781631652416,816.3383946280272,23.80735394840779,6.529838009984569,-0.9930966401455394,On-Time
SHP00520,2026-06-04,Road,West,1383.454458151665,143.49528175764286,3722.5529137785807,257.53728901207126,8.339164772910475,1.0228587528638715,Delayed
SHP00521,2026-06-05,Rail,South,853.5133962630068,127.2900674160673,2151.1315927828136,233.60151865234604,7.701228025632628,4.176205069209221,Delayed
SHP00522,2026-06-06,Road,South,550.476428474005,75.15085366316596,1414.6127169500198,165.40481360036034,4.672932453677303,-1.631994068783083,On-Time
SHP00523,2026-06-07,Sea,North,224.79664197209206,165.19256483320234,1283.2201530525235,44.83669908322348,8.609941333001856,0.6256822282884367,Delayed
SHP00524,2026-06-08,Air,Central,1172.7716817395865,85.30812428767469,5761.994815864537,271.9933954994774,6.492151210805027,-0.36199030748545735,On-Time
SHP00525,2026-06-09,Air,West,586.3734477513528,65.10465077753464,3021.131880247559,183.42563730203648,3.8906141728551575,0.8409132701828479,Delayed
SHP00526,2026-06-10,Road,South,492.47319150239264,22.5471265963713,1299.9225938122054,119.28011154287977,4.70555821246591,0.5145002977902348,Delayed
SHP00527,2026-06-11,Road,Central,677.7725382308898,42.613103886496724,1710.914408474951,149.83681425131087,6.506529668743722,7.092995497831357,Delayed
SHP00528,2026-06-12,Road,North,709.1217520906594,66.69475142421103,1741.244069063827,208.67617446796405,7.306449332743661,4.223943647118949,Delayed
SHP00529,2026-06-13,Road,East,280.7609989158178,61.96223447801498,1045.9554728615897,59.9281522688206,7.011796504257665,-2.0,On-Time
SHP00530,2026-06-14,Sea,Central,504.500999275691,90.62952959770013,1077.3327992075622,167.62600466838788,8.076408270932953,-1.7503369074312713,On-Time
SHP00531,2026-06-15,Air,Central,1169.2926341416237,54.398938198283034,5751.65032334082,231.4634966760835,8.547163541884228,-1.444643145521535,On-Time
SHP00532,2026-06-16,Sea,East,593.7945924677564,115.09611934036634,1284.4697272826118,178.205753467996,7.690819448520788,-2.0,On-Time
SHP00533,2026-06-17,Sea,Central,427.74200544487553,91.62847146633821,1230.5332935271833,113.3188147420325,11.634038183823353,-2.0,On-Time
SHP00534,2026-06-18,Rail,North,575.8611646867259,118.49139296997096,1511.50904674618,188.81798031315955,5.85266334185342,0.05408393826304464,Delayed
SHP00535,2026-06-19,Air,North,736.2100982856372,168.11105153036723,4778.721108809778,148.3118547539051,4.133998015645937,-1.3492189100291028,On-Time
SHP00536,2026-06-20,Sea,East,650.2615537442618,77.70941901628785,1142.797314270987,191.9846101799901,9.317473065834426,-1.726984166164912,On-Time
SHP00537,2026-06-21,Air,West,780.2835453703831,126.31874615499848,4403.314530366971,216.33305790769293,2.8306962454312807,5.551184942731991,Delayed
SHP00538,2026-06-22,Road,South,530.10145208949,57.669988218828784,1657.4920270991606,138.68266323710893,4.465042400970422,-1.1771940518992012,On-Time
SHP00539,2026-06-23,Road,West,655.587541956659,59.48438885079877,1682.4746140624413,172.77303914088878,3.4805689249257306,-0.6079193195330028,On-Time
SHP00540,2026-06-24,Road,Central,563.4037306242901,67.82024140233536,1508.3614406851214,170.56263884172628,2.6340889205366427,2.353641217481538,Delayed
SHP00541,2026-06-25,Sea,South,838.0244902054895,137.42513930809105,1967.3499019023589,284.4389885315932,10.099743232918108,-0.6163211801860338,On-Time
SHP00542,2026-06-26,Rail,East,682.6022177016962,42.27192505623325,956.2994012556687,133.45745861652097,9.06995141403086,-2.0,On-Time
SHP00543,2026-06-27,Road,East,254.15015074679127,77.67426650051591,1244.8939417374054,46.589649275552226,3.2766373821031554,-0.1448492596293266,On-Time
SHP00544,2026-06-28,Rail,South,831.5318326154775,88.75980020886081,1686.999894848192,263.57049091941053,8.780446610265884,5.5218335572402575,Delayed
SHP00545,2026-06-29,Rail,North,839.1774789340478,60.69955857067629,1582.7276006365332,166.48340957838525,5.966370270574927,-0.7036052256623111,On-Time
SHP00546,2026-06-30,Road,South,2000.0,34.521805535397476,3643.993425129717,695.4769106673441,6.4808594168639,-1.7794168395746248,On-Time
SHP00547,2026-07-01,Road,Central,1759.9399360654436,94.87982109598555,3869.5665599657336,502.0918604965061,8.7363001699628,1.5505758271225534,Delayed
SHP00548,2026-07-02,Rail,North,887.0162200916141,24.763663044873784,1263.2157893707497,257.80885806599747,9.805326540861635,-0.26478621914992706,On-Time
SHP00549,2026-07-03,Rail,East,620.1772458111492,140.6137223009161,2023.6673554234872,132.60108269828095,7.366554012347787,7.347485319182613,Delayed
SHP00550,2026-07-04,Air,South,412.89495507369645,86.55163025051408,2652.501999426369,91.18912780907762,4.100513431725375,-1.467242379316501,On-Time
SHP00551,2026-07-05,Rail,West,714.5640813825443,113.29242235805695,1704.9447208808963,208.71670206823896,9.413700622821349,4.834326800525124,Delayed
SHP00552,2026-07-06,Sea,West,369.20523872293984,74.147002482864,973.1528983120651,123.55584841339645,8.412004377685221,3.4084738747226124,Delayed
SHP00553,2026-07-07,Rail,Central,1168.454581800556,117.25245244256259,2528.6504829602154,405.4612112965188,8.26174925336522,-0.45336325780473463,On-Time
SHP00554,2026-07-08,Rail,West,137.26799835035337,77.9402137958136,758.2450358735489,29.329402684494504,6.033327994701479,0.49121176335900807,Delayed
SHP00555,2026-07-09,Sea,South,1037.3694954448117,86.47884400344202,1579.1335538625706,210.3788820878157,11.419379525546633,-2.0,On-Time
SHP00556,2026-07-10,Road,South,2000.0,68.60915798788614,3865.4175674901526,379.17646163866874,6.496985070082491,-0.8461038240575309,On-Time
SHP00557,2026-07-11,Road,West,1990.4712683372807,131.40957656412886,4592.264045218715,652.0992736963302,9.36070240921812,-0.4711145740058367,On-Time
SHP00558,2026-07-12,Road,South,341.91730345585677,87.01107853529449,1050.59571870022,78.67569259540105,3.9592793478892916,0.8946338275261407,Delayed
SHP00559,2026-07-13,Air,Central,233.74008276518646,46.06695302727813,1403.215794806583,42.14521753865084,0.9394780660532751,-2.0,On-Time
SHP00560,2026-07-14,Rail,North,1437.6868193934577,137.17393777673217,2970.8359569724184,313.48628057590605,9.265038473664877,1.27871167584073,Delayed
SHP00561,2026-07-15,Air,Central,953.7967807263664,167.680748082884,5315.585576674698,226.88439358913743,3.108706122995679,0.13532894675837914,Delayed
SHP00562,2026-07-16,Road,Central,602.3576692305106,64.59453140651627,1786.1313795601677,209.90216074210008,2.313488825090626,1.4952695025320812,Delayed
SHP00563,2026-07-17,Road,South,1007.2048162350287,126.10847589104395,2772.3030073529735,270.9401814437819,6.178603064686471,1.8682666056108963,Delayed
SHP00564,2026-07-18,Road,North,364.0989799436867,52.94803715023508,1074.8877310315258,78.20896010479929,5.18755409687822,-0.0648386096394622,On-Time
SHP00565,2026-07-19,Road,South,966.855516669374,104.0235414483875,2497.165294571192,229.0665568240997,5.319416789713184,1.7204944422282162,Delayed
SHP00566,2026-07-20,Rail,East,306.56218015713443,167.3167295244738,1449.4229200020527,72.39536604770089,4.864335433841662,0.28205959643517176,Delayed
SHP00567,2026-07-21,Road,South,1010.2507640184431,174.74923356041032,3098.996867572044,185.23288909731346,5.149311651292022,2.3586824735701635,Delayed
SHP00568,2026-07-22,Road,South,543.3680057176177,87.55125959067088,1993.0839972845017,110.29344594300211,5.362292679600718,1.290314540899309,Delayed
SHP00569,2026-07-23,Sea,South,778.9467904416074,91.8390085101909,1271.357355040956,232.26900095156068,12.236856799263993,0.9526037528651039,Delayed
SHP00570,2026-07-24,Road,North,795.4741927608391,62.16230509033174,1690.8706334333317,159.44696929702945,6.273813834419789,0.24388505966483542,Delayed
SHP00571,2026-07-25,Rail,South,1833.9378834312079,55.24362675968882,2663.8681283060255,402.044715266207,11.997919410515829,3.739539782375031,Delayed
SHP00572,2026-07-26,Air,North,912.2030114510894,62.493658825064074,4591.996344854568,218.58695743274316,2.5820457652490085,1.5129630732375567,Delayed
SHP00573,2026-07-27,Road,West,1199.4826388970462,45.560476061713466,2475.053089889044,370.4181598402084,6.069312134787762,-2.0,On-Time
SHP00574,2026-07-28,Rail,East,898.5285188114048,89.13830976991935,1793.507892235879,250.69679235996372,9.090473447152874,-0.6798769231597022,On-Time
SHP00575,2026-07-29,Sea,North,636.8599949883288,70.97060852714117,1237.569255311049,189.23020868565146,7.115114772324208,-0.07146202081708963,On-Time
SHP00576,2026-07-30,Sea,West,572.6155047624329,66.73760753671168,961.1802746120859,158.2663991748267,8.019248965196683,0.4971920992354846,Delayed
SHP00577,2026-07-31,Road,North,571.0821081748084,133.16008126435554,2122.389976071892,169.16063803723145,6.284470131022457,0.9417683780662673,Delayed
SHP00578,2026-08-01,Sea,North,994.0336558578365,41.40977701828321,1379.4897057378193,179.40634144191898,10.457789132544582,-1.8605417856920283,On-Time
SHP00579,2026-08-02,Road,East,1553.2700137101751,54.02982486220299,3078.8313235627197,525.3977519578312,5.790413620141095,0.33000534896268696,Delayed
SHP00580,2026-08-03,Road,Central,1581.1195313920296,58.662615251948196,2966.9888769304443,314.41580003921916,4.897155682661812,-0.2853033681371747,On-Time
SHP00581,2026-08-04,Road,Central,562.1768596832782,130.52755602281383,2156.7600694267985,140.01708771731947,6.837345460158223,3.2118606068848994,Delayed
SHP00582,2026-08-05,Sea,North,1101.4900628536163,75.08623291566458,1967.4753062340174,342.64769880725527,7.484183628405024,-1.9876957733031904,On-Time
SHP00583,2026-08-06,Road,South,491.2164607149555,111.29067693339508,1773.411846706758,124.76368672084506,5.470349909017049,0.45655349997958444,Delayed
SHP00584,2026-08-07,Road,West,1367.7233406578869,87.7887016118163,3194.50145623862,466.3433731518542,6.095929329182737,-1.2134627808511504,On-Time
SHP00585,2026-08-08,Rail,South,518.5412149990076,81.93266594490447,1233.3395205939462,134.55632275051337,8.00733028058531,5.157489788799483,Delayed
SHP00586,2026-08-09,Road,South,1464.739167136251,97.6633627650549,3656.0465291922296,481.5179128482395,5.664320836831001,3.641534006633702,Delayed
SHP00587,2026-08-10,Road,North,1079.2732031986304,95.88858109932018,2698.1368746103662,343.0370359515935,10.038550465907981,-2.0,On-Time
SHP00588,2026-08-11,Road,North,520.1936172106986,28.12378603990137,1133.354175296228,180.38632935671518,4.7459590170546555,-1.4905342127143444,On-Time
SHP00589,2026-08-12,Road,North,1163.521689813384,124.31471823088566,3225.486359651557,392.7038388902858,7.365588836864402,2.677308230169299,Delayed
SHP00590,2026-08-13,Road,North,574.4886276047723,192.93292223214615,2504.9019632162363,191.1214809368263,4.053674866661881,1.643207620108004,Delayed
SHP00591,2026-08-14,Road,Central,2000.0,56.30810527569614,3857.760787044191,608.7454757766192,8.327038020074676,1.5648294566157848,Delayed
SHP00592,2026-08-15,Rail,North,645.3042893085624,114.67156050208139,1824.08268811878,156.41510343762252,6.819617156758899,0.9771317643989745,Delayed
SHP00593,2026-08-16,Road,Central,667.7635534701625,54.423127182924,1548.6273325588627,132.24477634907853,7.4043490675069314,2.8779997126697845,Delayed
SHP00594,2026-08-17,Road,Central,60.14058535471274,47.84801259198676,344.71815022297505,20.0,3.5385176931899913,2.4524415109936477,Delayed
SHP00595,2026-08-18,Sea,North,842.0535938303232,90.29815447109478,1795.2406940020273,291.6631085617071,10.723268384276942,-0.22639034929875113,On-Time
SHP00596,2026-08-19,Road,East,261.2776444448865,52.59779438942708,864.2925946328056,79.30371029105596,4.337690839109765,-2.0,On-Time
SHP00597,2026-08-20,Rail,West,1151.4875113229582,76.64180362845526,2069.053354959792,389.06919795882135,9.158668464628352,-2.0,On-Time
SHP00598,2026-08-21,Road,South,334.4001212550312,152.9441247091305,1829.9024520832666,105.91515272741964,2.2209382349747244,0.24090318690724866,Delayed
SHP00599,2026-08-22,Road,Central,1477.1437415618946,129.67343111658187,3563.298260188516,306.84632313707664,10.514720802879589,-2.0,On-Time
SHP00600,2026-08-23,Road,West,702.0922110487718,98.42376818832304,2154.571168397662,156.12048245912064,3.736543599718544,1.1274918091885233,Delayed
SHP00601,2026-08-24,Road,East,1054.4224578089913,60.58929226288242,2429.861609727252,251.0760729742217,5.791636269474581,-0.27007884529352477,On-Time
SHP00602,2026-08-25,Road,South,915.570070630568,120.83524686939244,2515.801127344172,190.99183128767135,8.084445760850532,5.3597775911535965,Delayed
SHP00603,2026-08-26,Road,South,1758.2775433711115,86.71978119169871,3923.636378280041,490.3497187796406,10.907364631199608,1.357823181230767,Delayed
SHP00604,2026-08-27,Road,Central,140.2023376359905,73.12796679579405,760.241427991635,48.48569620891359,4.515775709327469,0.42693705109420366,Delayed
SHP00605,2026-08-28,Road,North,485.0576380771271,116.53955862640589,1639.7459135337963,150.10011680459917,3.776278923685251,-2.0,On-Time
SHP00606,2026-08-29,Road,East,927.1952834516777,97.41614378903448,2267.4305723724774,233.63072447922121,5.881932009534927,-2.0,On-Time
SHP00607,2026-08-30,Road,Central,245.7876969829755,80.40700111631531,1126.182656644325,44.43000027799788,3.8994070432275905,2.203385355665673,Delayed
SHP00608,2026-08-31,Road,East,1450.4562272707565,91.62189983747552,3286.386768297899,338.32895491442156,7.456756889961362,-0.2827416524726666,On-Time
SHP00609,2026-09-01,Rail,North,962.4680539885501,29.197965768365393,1613.8009937897773,259.4323774306776,5.567040105498238,6.838439370098751,Delayed
SHP00610,2026-09-02,Rail,North,556.3303392195713,69.968567951575,1220.901233675392,130.80586282871542,8.36839381990393,0.2923717629118464,Delayed
SHP00611,2026-09-03,Road,Central,800.5984479883177,83.57366547976613,1991.8860361990642,159.21976643561592,5.453605742570404,0.922305700346884,Delayed
SHP00612,2026-09-04,Air,North,116.94299221803331,56.201397544974,999.5272911375288,29.852042613048123,0.7630246678447214,-2.0,On-Time
SHP00613,2026-09-05,Rail,West,479.4292468900754,37.71442526557638,682.8904001565105,106.93812168302635,5.331732801444954,2.8685789137882884,Delayed
SHP00614,2026-09-06,Road,South,127.82115584307968,74.44673567164767,813.0322798120194,42.76506071092841,3.683571331625467,-1.8143022185394417,On-Time
SHP00615,2026-09-07,Sea,Central,527.7033497801567,30.993860115227104,770.7589121956992,104.1149579031269,6.575551993928384,1.8110302047767186,Delayed
SHP00616,2026-09-08,Sea,East,162.91081996399836,18.64825976780414,325.15666225532743,30.685221751837556,8.886713543014826,2.529483285426571,Delayed
SHP00617,2026-09-09,Road,West,580.0043601771425,33.19826751400042,1505.0139780088239,104.92476584957726,4.693685587928673,0.7379831476700657,Delayed
SHP00618,2026-09-10,Road,Central,87.48447158389267,46.431430125619414,918.5510587326297,20.62637539338745,5.356442448222749,4.892427339093258,Delayed
SHP00619,2026-09-11,Air,North,707.6772665741669,38.92161030925136,3596.6301877589544,206.82983591507548,3.5545417974413476,-1.0267576791256243,On-Time
SHP00620,2026-09-12,Air,North,1236.8586969169296,94.11483679880548,6495.602279684455,376.2157278869756,3.6288402859507114,4.688850532803871,Delayed
SHP00621,2026-09-13,Road,North,129.5597830852148,52.11764296460261,1031.6681522187935,33.303923469900475,1.363008484913355,-2.0,On-Time
SHP00622,2026-09-14,Road,North,917.8533372517712,55.07033423802102,1941.764803784885,271.99286775687125,4.842325986887329,2.4975712296990897,Delayed
SHP00623,2026-09-15,Road,East,1235.715112353545,126.24636906419313,3253.8522660661774,298.03642655255067,6.3046261738154135,0.14396629677135908,Delayed
SHP00624,2026-09-16,Road,West,1730.608309331925,216.69774138597379,4776.977408072256,507.9803645462516,7.7975789385666,-1.2703314777831705,On-Time
SHP00625,2026-09-17,Rail,South,363.0740360148367,167.05125766466534,1898.4975610742874,67.859015681725,6.658137730572945,-2.0,On-Time
SHP00626,2026-09-18,Road,East,479.4713182964078,23.72989164736246,1093.6303440339268,118.15516156191495,3.112785242821172,-0.1516728597920307,On-Time
SHP00627,2026-09-19,Road,East,1285.6257568482808,165.54779423115212,3515.7438681905323,404.2578778439543,7.474235257725149,-0.30953770045176277,On-Time
SHP00628,2026-09-20,Air,South,393.384508387912,79.12244441599567,2404.8520155256256,124.51053403901344,1.9825522503931934,0.9322655573861456,Delayed
SHP00629,2026-09-21,Road,South,1484.3489578702545,57.37656100481854,3287.8790231533894,447.8953103293585,8.007311256337289,2.312037440776848,Delayed
SHP00630,2026-09-22,Road,North,481.6289064676211,162.67215324445192,1972.7505629435734,103.41563115637005,4.314668584533653,-1.5211654327633628,On-Time
SHP00631,2026-09-23,Air,East,1478.5475521013043,89.99441763596201,7253.817642197719,328.2743283667407,7.793700572699902,4.8956692029265,Delayed
SHP00632,2026-09-24,Sea,Central,476.84681810434574,66.21552973650236,816.7951114296588,166.57932308354955,9.70872558407429,-0.8463367807640456,On-Time
SHP00633,2026-09-25,Rail,South,2000.0,70.41811772878664,3012.3044251533297,395.1485224486663,10.895875489163199,2.0054849475684993,Delayed
SHP00634,2026-09-26,Rail,South,1406.6523237349425,51.419920021146424,2285.4195605933464,296.3994511602507,8.493156961622534,0.7254184581582086,Delayed
SHP00635,2026-09-27,Road,West,649.5860065641378,35.50489943455268,1151.8338374959678,131.28423132810855,2.2746948720648157,0.003225715861044476,Delayed
SHP00636,2026-09-28,Road,Central,1806.8988673713104,67.2034369797561,3804.205241628195,425.888491197483,10.156244727165653,0.6001429556625796,Delayed
SHP00637,2026-09-29,Rail,Central,670.8279564220363,99.014119766724,1458.473398248958,144.717642582642,5.945564129585478,-1.8507187954265105,On-Time
SHP00638,2026-09-30,Road,South,842.614441009115,62.440180966633356,2167.0378577739716,222.9616398929639,5.3904579273170175,-0.46891533143107844,On-Time
SHP00639,2026-10-01,Road,North,1219.5336566332226,73.31203089094214,2746.1115877316497,318.20501465406954,6.907377421903979,-2.0,On-Time
SHP00640,2026-10-02,Road,West,1003.749539775065,53.65763901150824,2255.6113745487924,334.5055117664213,5.390686483070048,-0.8731758403006744,On-Time
SHP00641,2026-10-03,Road,Central,1180.388619337986,52.3020871644097,2542.915662843343,219.44108004287483,8.195007644844674,-0.6666673175448468,On-Time
SHP00642,2026-10-04,Road,South,806.1305162405188,106.28872480418481,2469.977548144889,188.9404899298704,3.561666585867167,2.6130534069283575,Delayed
SHP00643,2026-10-05,Road,Central,565.1205547950868,73.23840402291786,1910.4189604341666,159.04291848432027,7.122412389387941,-0.3298129833676392,On-Time
SHP00644,2026-10-06,Road,West,826.6154212962955,124.92387127829085,2317.0989290774423,233.7803145717895,6.563116189924934,-0.6202040593434308,On-Time
SHP00645,2026-10-07,Road,West,1114.5660559542537,63.08949201526829,2368.0514191406055,291.59439763530014,5.66534074319448,1.0501004166350982,Delayed
SHP00646,2026-10-08,Sea,East,1207.895177109528,66.00649373729881,1663.3822946801718,384.91167227006827,10.464986829543856,0.9521315233064074,Delayed
SHP00647,2026-10-09,Rail,South,563.5323969138769,184.12729254689668,2026.7968644265377,107.44464729595946,3.8077897097936293,-0.9776016782873875,On-Time
SHP00648,2026-10-10,Rail,West,813.8104101590532,85.39284327468249,1799.7528039483645,259.3067874363278,6.027228130061633,1.4855709812969948,Delayed
SHP00649,2026-10-11,Air,East,1190.2726749226083,40.028042455039554,5840.568995654704,314.3607985288299,4.2923014523269964,0.0533820058048633,Delayed
SHP00650,2026-10-12,Road,East,2000.0,66.5791645267007,4050.6468693766365,405.4786363261807,8.848327425702635,-0.9816582516375165,On-Time
SHP00651,2026-10-13,Road,Central,542.2691593374315,118.45751117877629,1809.2139862413655,179.25755013419302,6.596809606254679,-0.7386970773474846,On-Time
SHP00652,2026-10-14,Rail,Central,662.3953474822224,29.37823133433443,988.6834144054344,192.33900346011427,9.612088969208777,2.8733767233798573,Delayed
SHP00653,2026-10-15,Rail,East,256.0012539948672,127.82233340907635,1345.3829041609042,53.19776887418946,6.349956876969777,-0.6635699831488948,On-Time
SHP00654,2026-10-16,Air,Central,631.6978416512977,58.646823445632386,3359.0404534801773,117.3192092965994,3.6390806301700818,1.1528133412653578,Delayed
SHP00655,2026-10-17,Road,West,825.0201575200459,84.09476008694381,1819.8718053742577,168.29474008375834,4.588865910383603,-2.0,On-Time
SHP00656,2026-10-18,Road,North,680.6982979126435,64.5815016371992,1596.7906215128344,192.97500861974797,2.230988184972767,3.28826249598065,Delayed
SHP00657,2026-10-19,Road,West,404.7276080526565,35.333524121699476,950.56298513779,85.18721264251795,2.943982161360001,-0.9574856853962279,On-Time
SHP00658,2026-10-20,Road,East,629.1751827175611,124.34709969786965,2007.7437267125342,137.39910194967462,4.680208980117717,1.5007237418597177,Delayed
SHP00659,2026-10-21,Rail,East,366.6780894439037,56.993936150337404,466.2587126824407,67.56914782351238,7.327376293736168,-0.12892032000774212,On-Time
SHP00660,2026-10-22,Rail,West,1455.9801557892006,31.89208657905521,1719.0570097762784,441.0137892164842,9.616393358400307,1.472085394481146,Delayed
SHP00661,2026-10-23,Road,Central,933.3220046884835,84.27506220278089,2158.3763272238625,296.57421828290876,5.967146924976992,1.6086005509117323,Delayed
SHP00662,2026-10-24,Sea,Central,587.0903614431937,52.215090339451955,928.8094178865072,185.20598535957913,8.096284727680137,0.1383418494747386,Delayed
SHP00663,2026-10-25,Rail,East,519.9493209637849,26.485779207652076,770.395089795562,104.86680329882032,3.15953758272205,-2.0,On-Time
SHP00664,2026-10-26,Road,South,1194.9585722288298,83.94124278068065,2727.720009878053,398.5918053323073,3.4978735137966943,3.227537773520602,Delayed
SHP00665,2026-10-27,Road,Central,192.58493101277574,32.52792538321705,726.3535230076587,56.675318821554235,0.7353486561969129,0.15024334424791108,Delayed
SHP00666,2026-10-28,Road,West,1719.6176270524222,90.59350916146929,3939.4798517246786,571.9101996394027,7.478480478961975,1.4200150179351652,Delayed
SHP00667,2026-10-29,Road,Central,1375.9124650999868,129.7563297513363,3537.1808732129475,352.2573747723012,8.643113626909766,2.229296724770672,Delayed
SHP00668,2026-10-30,Road,West,303.65756442050616,87.2792256194989,1262.8354633207011,77.21475190501506,5.303075982917765,-0.6429353678575729,On-Time
SHP00669,2026-10-31,Road,East,978.5946206309438,49.827323338050945,2031.5898212000948,306.6633785820762,6.763376736479451,1.7928386415111557,Delayed
SHP00670,2026-11-01,Road,Central,357.73285581497873,28.96274435368252,765.0722456979427,70.06578445448464,2.910354783778259,-1.3690052353106015,On-Time
SHP00671,2026-11-02,Road,West,298.96802356665825,120.7513210072115,1248.005603008894,80.28744005618469,5.741429774485546,1.46885714119637,Delayed
SHP00672,2026-11-03,Sea,East,201.76696446719978,95.58401047183344,908.6496370283977,65.00635402385633,6.710893457299166,0.5492569086946774,Delayed
SHP00673,2026-11-04,Road,South,272.86015919742937,61.088907622086424,1097.7207409887437,87.62432939256375,4.899073433260814,-0.5562378587511418,On-Time
SHP00674,2026-11-05,Rail,West,1853.618900164434,67.81234381901045,2969.9909152655887,634.9434107389496,7.660924764226676,0.6174804257824955,Delayed
SHP00675,2026-11-06,Road,South,1548.6500818390123,91.02614152867753,3479.062300853823,462.5915992809156,5.664746939979638,-2.0,On-Time
SHP00676,2026-11-07,Sea,South,776.8512266048207,49.16753585738253,1166.2567156048526,167.2723884054282,11.971650501597935,1.2725998191847436,Delayed
SHP00677,2026-11-08,Road,North,389.0546406006127,124.05589914583405,1264.3471598185956,71.3711609139486,3.995032206385594,1.5320551975570467,Delayed
SHP00678,2026-11-09,Road,Central,1489.4510168331708,72.64859903281857,3197.261374502493,389.49246231764477,6.137722872644488,1.3641003497602857,Delayed
SHP00679,2026-11-10,Sea,West,1184.1152646626897,39.36118368256382,1312.1388506369417,316.549127735267,12.25599777614422,4.255427068852457,Delayed
SHP00680,2026-11-11,Sea,South,790.0750850360066,81.91299887685611,1590.0468146810624,174.48384722590507,11.538487037135605,0.26256571473745993,Delayed
SHP00681,2026-11-12,Air,North,833.8046333469154,174.81464312953847,5209.57801423564,167.76029656273747,3.9035702021016934,0.434693319680238,Delayed
SHP00682,2026-11-13,Road,East,1562.9506063937217,52.51069714320971,3307.5349820864676,437.0875586503392,7.674994435778179,-2.0,On-Time
SHP00683,2026-11-14,Road,West,127.86592569023253,64.77355953158906,814.69638914498,39.62865069217046,3.4305454628773506,4.431173728857262,Delayed
SHP00684,2026-11-15,Rail,South,1578.5598089194878,75.82079349578608,2507.654528519507,550.6588014439589,5.190745352064252,-2.0,On-Time
SHP00685,2026-11-16,Sea,Central,2000.0,154.82005069682236,3268.4152052019485,617.8228898515763,11.480606988900249,1.071409016749694,Delayed
SHP00686,2026-11-17,Rail,North,734.1276513184415,135.40585968266822,1618.4081268487146,231.18965228621724,8.763143972483485,-1.036952684271462,On-Time
SHP00687,2026-11-18,Rail,South,216.57681521526055,124.4964794777246,1277.795575387422,61.680719469718134,4.561531635260486,0.6557915316865978,Delayed
SHP00688,2026-11-19,Road,Central,1104.7411090159433,108.6730278888036,3027.3886470850616,384.0155792075322,7.054899056541263,-2.0,On-Time
SHP00689,2026-11-20,Air,South,267.3424123124913,59.16065702731609,1392.6170936458425,77.20650645737129,2.687066457586698,2.729158674427196,Delayed
SHP00690,2026-11-21,Road,West,950.0732028847514,35.19868326074978,2117.408909344396,309.9547876865783,7.2331922609143255,-1.8879489957488498,On-Time
SHP00691,2026-11-22,Road,West,906.4852026282463,76.13571129790719,2126.5845689243038,308.9151002104552,3.4672466630604664,3.4156327827487165,Delayed
SHP00692,2026-11-23,Road,West,976.9788801134905,39.63262572578259,2092.09537933685,330.29305822254634,6.10285824436969,-1.8190261296407253,On-Time
SHP00693,2026-11-24,Rail,North,993.7865182527572,70.97115924279645,1643.259188703866,243.31929579162514,7.635552582963105,2.938031047761014,Delayed
SHP00694,2026-11-25,Road,West,592.2971131064053,93.78637915151762,1960.298588286024,114.53400306774526,3.528651394736533,-1.5774121909725367,On-Time
SHP00695,2026-11-26,Road,Central,225.1758472845256,117.69008048291113,1303.5828867919001,47.11095963239919,2.601998728711833,-1.0365242781629358,On-Time
SHP00696,2026-11-27,Rail,South,1152.174983528343,125.76973953555132,2515.637424972004,218.99155089147288,8.831870620802697,0.49538477908969997,Delayed
SHP00697,2026-11-28,Road,East,822.768253339651,117.85343133653089,2489.1097821432704,162.84021843718034,6.450012979893925,-1.6198167587094559,On-Time
SHP00698,2026-11-29,Rail,Central,694.8108508971427,38.817319503327155,1025.2427044943627,146.87656033885068,6.796220058541048,-1.6934394614501027,On-Time
SHP00699,2026-11-30,Road,Central,236.44914502502468,49.87520533184531,899.8889822591356,56.2715942246021,3.5947248376375103,-1.5908532574963874,On-Time
SHP00700,2026-12-01,Road,West,429.0028283888874,81.1104246891221,1321.5531299110642,116.86111688277435,3.4285942312664797,1.2971389615148516,Delayed
SHP00701,2026-12-02,Rail,North,785.4557226893044,117.72471846268515,1893.9638290046425,236.41113694755424,6.749906695790726,0.498876503294346,Delayed
SHP00702,2026-12-03,Road,South,2000.0,26.634801062359138,3767.089254275403,431.715294276214,7.173551293761976,0.6315780697341135,Delayed
SHP00703,2026-12-04,Road,North,292.52142245292447,81.5442393189042,1313.8792549248137,86.0974817957906,3.010896566951789,-0.31158213590219175,On-Time
SHP00704,2026-12-05,Road,South,553.0088573732311,54.110385260053995,1509.3473659628607,165.75005036168466,5.272651945977901,1.8717497496516728,Delayed
SHP00705,2026-12-06,Road,South,1223.7389416955398,101.00753646771241,3006.1821545029597,336.4863537502975,7.617158393299924,3.125145077801556,Delayed
SHP00706,2026-12-07,Sea,North,327.9418984855311,73.18097255478732,777.7387225019274,109.4063488810265,6.429724387744304,1.9390426605030653,Delayed
SHP00707,2026-12-08,Road,Central,1232.317094245757,56.5773674114927,2480.4409854596965,245.06981408087688,4.9905696784785345,-0.022428878123323504,On-Time
SHP00708,2026-12-09,Air,South,176.82124031763396,70.71115739053663,1381.7333034472506,37.15202534659571,1.0324462715416405,-2.0,On-Time
SHP00709,2026-12-10,Road,North,217.28322603894867,101.43297554457924,1107.7299772539775,54.945065595581084,3.5882704554077334,-2.0,On-Time
SHP00710,2026-12-11,Rail,South,1381.0139493126503,103.0722025832764,2200.0949362053175,278.3311602116646,6.493648279523551,0.3378378740672635,Delayed
SHP00711,2026-12-12,Air,East,1048.9980781022261,72.45516913841188,5100.628423417875,289.8070603469565,3.28130551183447,-2.0,On-Time
SHP00712,2026-12-13,Rail,Central,1593.7505728402953,51.6514165557335,2569.5933156854794,394.816768330617,7.262153109923396,0.0017366666610687531,Delayed
SHP00713,2026-12-14,Road,West,1761.632336294606,101.85943852591703,3886.81725578921,402.3238567857771,8.699844217459619,4.006557997016428,Delayed
SHP00714,2026-12-15,Road,South,1410.337864630348,47.76518985883957,3083.054091831903,294.61713751649773,6.750386508470752,-2.0,On-Time
SHP00715,2026-12-16,Road,East,221.27069651053495,22.342730412805082,523.5316379416614,52.44281471810341,2.562506981937685,-2.0,On-Time
SHP00716,2026-12-17,Sea,West,551.1663995015783,115.07638158043265,1602.5974574690035,156.1747022053525,7.619158451283454,2.092335573535556,Delayed
SHP00717,2026-12-18,Air,West,50.0,26.258663780372352,610.1439128641355,20.0,0.8180939313698637,-2.0,On-Time
SHP00718,2026-12-19,Sea,South,669.3280750744188,62.72589772739019,980.348135351,139.09713681983303,8.413804964743784,1.4545203509886246,Delayed
SHP00719,2026-12-20,Road,North,1003.4339800399539,33.38975104763382,1775.1028224318468,201.92740949633466,8.004452674396688,4.1712731893187325,Delayed
SHP00720,2026-12-21,Air,South,1127.7320698112258,96.20386820143992,5558.927188207487,208.10609348719092,6.452087129857173,-1.681212273487525,On-Time
SHP00721,2026-12-22,Sea,East,532.0089012577592,76.94788730072715,973.0918839444445,96.88539173170012,7.9114518060534635,-2.0,On-Time
SHP00722,2026-12-23,Road,West,476.31164928859096,32.21895791931251,1398.557795907595,156.97697002076907,4.287677648630364,1.975058243998825,Delayed
SHP00723,2026-12-24,Road,South,731.291177933995,54.85800793015743,1693.6038724840696,137.23783607349833,6.31048304612779,-2.0,On-Time
SHP00724,2026-12-25,Air,North,706.2736035127117,120.07542791003375,4160.621231598491,214.92441723219426,2.848489011131757,2.527046809336151,Delayed
SHP00725,2026-12-26,Rail,South,405.3892341180004,41.81815596722479,1016.5128586099072,133.0639350971792,3.764911931869758,-2.0,On-Time
SHP00726,2026-12-27,Air,Central,256.46540125997046,74.6088509614795,1767.5133178284564,50.4390079580989,0.5,4.921005838336047,Delayed
SHP00727,2026-12-28,Road,North,520.0782421926879,104.63964051720977,1784.6416158626325,132.18893278213508,6.475669550914883,2.155764114320573,Delayed
SHP00728,2026-12-29,Air,East,962.1944245592999,94.04381300826827,5175.624893674768,330.60183249567604,4.184998982931122,0.5951095254744984,Delayed
SHP00729,2026-12-30,Road,West,639.7330611016033,51.77767941915669,1609.0864086626375,205.8683843738791,5.0524503698675,4.776887357730887,Delayed
SHP00730,2026-12-31,Road,South,139.1141794663065,55.988208446726546,683.3911248626413,36.621763981387254,2.347158623692671,3.078859269629254,Delayed
SHP00731,2027-01-01,Road,North,131.0691677648991,49.16926439258084,521.0612156378488,40.58387558725595,1.2457975386953963,1.421541942358277,Delayed
SHP00732,2027-01-02,Air,Central,862.2637509514501,50.001667820975584,4291.973555479149,277.3679989595084,2.3194465231953605,-2.0,On-Time
SHP00733,2027-01-03,Rail,North,723.085674477818,90.74979051215965,1757.86110303313,172.93648434635014,5.058572384343041,-1.2537351026734664,On-Time
SHP00734,2027-01-04,Rail,Central,865.1540067706771,10.137948740241038,1386.5890860965487,286.9421652346948,8.30318214992246,3.213523972176266,Delayed
SHP00735,2027-01-05,Road,East,1188.3020060370236,39.98388080593098,2502.656153549427,308.935307311739,8.356122997319348,-2.0,On-Time
SHP00736,2027-01-06,Sea,West,749.1340788140981,54.98823211294179,1227.4006981006185,202.06187631199774,9.501739204443762,-1.414308183256762,On-Time
SHP00737,2027-01-07,Road,East,380.2495634448334,39.6650366416687,1042.2291134084717,133.06844820528687,1.5300899990034345,-2.0,On-Time
SHP00738,2027-01-08,Air,South,736.0245440903874,104.58992153583708,4135.7304160328995,238.00200373894643,4.628858674726629,1.5058920658031059,Delayed
SHP00739,2027-01-09,Road,North,624.1582554263447,43.91306470732175,1551.9279392178971,150.73478104044514,6.424747769303174,2.9090295271572018,Delayed
SHP00740,2027-01-10,Road,Central,1068.5256416455147,48.64143141060047,2490.877531393603,194.2138864647562,7.280660730429897,2.911497296478093,Delayed
SHP00741,2027-01-11,Road,Central,1588.0234896422967,52.31298850875463,3143.9919140232996,454.88868155986466,7.284141111616597,-1.6320484901806598,On-Time
SHP00742,2027-01-12,Road,North,332.7235148293189,8.568557103615827,449.7412781747644,99.70568604634906,3.1465183538778176,1.4716463059217022,Delayed
SHP00743,2027-01-13,Air,North,1480.1229471883853,44.380322612977324,6935.644605806083,430.1776897753446,5.619730572287808,-1.7497065426142404,On-Time
SHP00744,2027-01-14,Rail,South,568.2343925036408,79.70953867095923,1351.3068718669983,195.7775454245189,8.404231113583979,-0.026371249345083392,On-Time
SHP00745,2027-01-15,Road,East,545.0992378515256,56.47657107736287,1563.471939394834,178.08668719201356,5.511733263801146,1.8004202473650415,Delayed
SHP00746,2027-01-16,Sea,Central,1574.7654612295782,200.8805239743985,2875.9069331734854,403.61457323675705,12.036697300761295,3.1534383415729614,Delayed
SHP00747,2027-01-17,Road,South,1422.1922457168791,33.166655106702436,2451.9928047502804,271.19182754467744,6.1312926976855815,-2.0,On-Time
SHP00748,2027-01-18,Rail,East,532.3166089227451,39.0049900665973,874.40255273942,138.89736787706454,5.515056413069975,0.7465867285212474,Delayed
SHP00749,2027-01-19,Sea,South,372.52858437483405,59.39794411599244,781.3721450165547,110.70487202516642,6.797407012021825,4.018233258824855,Delayed
SHP00750,2027-01-20,Rail,Central,1011.2543204265221,22.875096416393305,1222.1649333312573,286.49913642974633,9.544139280959534,1.0805485741884184,Delayed
SHP00751,2027-01-21,Road,North,803.8689508495166,67.10172573770191,1870.3642781081485,218.23699675869034,3.9878201745884163,0.7065331819832811,Delayed
SHP00752,2027-01-22,Sea,North,517.7798325324521,80.82881957114029,1242.7249173613789,134.46702012260033,9.663834046210296,-0.9075178787009215,On-Time
SHP00753,2027-01-23,Rail,East,1395.132666787006,67.63275867230175,2226.9392799622356,320.7961335255584,7.869689424379867,3.9518824194657007,Delayed
SHP00754,2027-01-24,Road,West,622.135247691702,48.20378291703157,1557.3170269727138,141.31736795585377,3.8294922500526143,-0.7919602380281823,On-Time
SHP00755,2027-01-25,Road,East,398.84024263898607,77.14284883450986,1281.7028926846717,105.70835922818986,3.8972937827265897,0.24962652387667988,Delayed
SHP00756,2027-01-26,Air,West,913.9734976381857,67.7126391041417,4541.465290561219,189.46902288545408,5.00539781600247,-0.6755329463293227,On-Time
SHP00757,2027-01-27,Rail,South,282.8193382056661,55.57525389552612,729.5505025973866,67.2873933024161,5.2279708398686715,0.7704887712874096,Delayed
SHP00758,2027-01-28,Rail,South,499.74549358429124,66.64736560615235,1207.705546277322,117.47840987885591,4.589299652214093,4.06412999762049,Delayed
SHP00759,2027-01-29,Sea,Central,1218.2736218952955,101.36478529733293,1683.6665103832468,340.8882807434709,11.072541469558647,-1.7652663264416577,On-Time
SHP00760,2027-01-30,Air,West,751.3842887248679,50.660987638126144,4034.0427393417167,143.7668575513738,2.4782544860351012,0.7813831606296655,Delayed
SHP00761,2027-01-31,Road,Central,790.7084628150113,65.91891925810442,2036.8553614842165,253.85195126579134,7.441140715086695,1.4776612505395215,Delayed
SHP00762,2027-02-01,Road,North,486.3466711954194,46.41187291452894,1166.3369758243794,134.0392458680538,3.757488902406364,-1.5308303374233678,On-Time
SHP00763,2027-02-02,Road,West,559.3349320472183,95.79737941741813,1895.1929807073132,164.46714307273498,3.6283534621725924,0.35246035972320044,Delayed
SHP00764,2027-02-03,Air,East,318.49734276828525,84.39311816218341,2291.735347815717,95.39822350916451,5.541044263845976,5.128350298727696,Delayed
SHP00765,2027-02-04,Road,North,826.7343964047483,133.10170031416195,2503.384808601477,189.77878488164717,6.709886719740081,-2.0,On-Time
SHP00766,2027-02-05,Rail,North,315.8557067575053,112.29762835721566,1244.9201565019723,82.11084967169798,4.681159418839332,-0.5530018453935044,On-Time
SHP00767,2027-02-06,Air,East,304.5183526063363,67.08331370759548,2131.020228410228,104.31635880768394,1.2563664221765063,1.1263987673252314,Delayed
SHP00768,2027-02-07,Sea,North,603.1753773870889,21.398973714465743,1031.8959014018208,187.18938054615174,9.553515880044579,-0.4398574233306396,On-Time
SHP00769,2027-02-08,Road,West,1185.2665381459817,73.34181709259963,2724.6296540387802,408.70914144161816,6.3591448142299125,7.715618676410279,Delayed
SHP00770,2027-02-09,Air,Central,337.02849389890855,156.50327197623795,2594.9222462916455,103.42165516353239,4.367664490167805,1.8717268412032317,Delayed
SHP00771,2027-02-10,Road,North,1153.953877502814,116.81525247599569,2941.0486760743474,242.15955650864205,5.451970251958737,-2.0,On-Time
SHP00772,2027-02-11,Air,West,958.3116139122656,88.1123376313052,5172.253325326016,183.00982329462366,5.479209856644773,-2.0,On-Time
SHP00773,2027-02-12,Road,South,132.5818410597806,41.910948530989145,419.40260775344905,36.884592244980766,0.5,1.3506896568796343,Delayed
SHP00774,2027-02-13,Road,West,740.2377323986705,110.2501914107169,2183.186969639489,178.27016326592314,4.9958032092152,-1.3890478095188479,On-Time
SHP00775,2027-02-14,Air,Central,326.0784038567542,62.37866374783425,2010.2698595528125,73.96366155770296,1.5524319953641839,3.7222462656966333,Delayed
SHP00776,2027-02-15,Road,West,673.4457797301923,76.48495594810012,1685.6748481379968,213.6344229634997,4.166477290161881,-0.18716390727595922,On-Time
SHP00777,2027-02-16,Road,East,533.0217477787368,20.065041996275493,1284.4246662533415,129.19853134949082,3.980079765713566,-0.920879101673826,On-Time
SHP00778,2027-02-17,Air,Central,1737.347864671108,50.988855640183715,8330.071363422112,406.3485784781152,8.154877921531238,-0.9631178928624613,On-Time
SHP00779,2027-02-18,Air,South,936.1449213731247,99.45665966719689,5309.737309945429,303.77705250496933,2.6961769545213086,2.9662729345731957,Delayed
SHP00780,2027-02-19,Rail,East,549.9540720820102,44.82836529020673,1135.7909431987318,178.1129913396302,3.038279316025225,1.5389575995849105,Delayed
SHP00781,2027-02-20,Rail,West,770.494252443927,79.38778519725639,1415.561939175858,185.36730128592333,5.585375044268241,4.889891809477195,Delayed
SHP00782,2027-02-21,Rail,Central,1120.3157509518708,95.06098221227559,2184.4221179768283,360.20927442280015,9.762672611314988,-0.03776779050797119,On-Time
SHP00783,2027-02-22,Road,South,679.7257918959342,100.42893196712578,2175.1411321770665,220.66097666306533,2.532525198822355,2.6556985301325815,Delayed
SHP00784,2027-02-23,Road,East,1651.0411787563721,47.8788486259004,3510.826732887475,416.1749631214009,6.625332653332401,2.698440211029116,Delayed
SHP00785,2027-02-24,Road,South,697.4531486984589,60.290077993440356,1621.2099694211383,133.4230887403216,6.08703422195468,2.1845336326588987,Delayed
SHP00786,2027-02-25,Sea,West,840.7460614225662,98.53941490555611,1410.5361191714371,151.5607792670131,9.861929983102701,-0.7746445476166055,On-Time
SHP00787,2027-02-26,Rail,South,633.9690505885949,56.1158174001321,1038.743832041019,170.51213750519068,8.316154766926168,1.6835200751144697,Delayed
SHP00788,2027-02-27,Road,North,428.9248709892477,39.64285160515065,1329.917379742681,102.29550800081965,0.8933944706966539,0.25689389983999683,Delayed
SHP00789,2027-02-28,Road,East,515.969938312474,168.59615539097985,2370.9469556665977,180.33790282235506,4.428431500181068,0.19120932227114368,Delayed
SHP00790,2027-03-01,Sea,South,654.2605951367767,145.38003717675733,1628.6920394058511,203.67778077669752,11.682748608841782,-1.514525729213164,On-Time
SHP00791,2027-03-02,Road,West,1269.3744309727354,51.051446407669204,2712.3638878258457,392.7658094422058,4.720080766004555,-2.0,On-Time
SHP00792,2027-03-03,Rail,West,1404.8474762503765,75.6653179054375,2272.586417733798,481.00751240500045,10.486427574478492,3.620940910495462,Delayed
SHP00793,2027-03-04,Rail,South,1760.932657158076,83.70255620713125,2636.8524179018887,582.7157683655312,9.642714789869276,1.5788959232149513,Delayed
SHP00794,2027-03-05,Rail,West,421.8890211724438,95.44755282414833,1275.2748395936096,98.76079053476097,6.886855523290103,-2.0,On-Time
SHP00795,2027-03-06,Road,Central,1049.9150435977972,59.09218305664755,2391.1888360872813,218.61102961877836,7.725032533826353,2.294276151369952,Delayed
SHP00796,2027-03-07,Sea,Central,1310.709378487876,49.51366934273838,1865.4357595787803,402.12784594550925,11.664714105901911,3.6703387324756056,Delayed
SHP00797,2027-03-08,Sea,Central,368.9043961541276,108.15049926754426,1098.864821814128,90.12576470383462,7.767974328428227,2.444168616790405,Delayed
SHP00798,2027-03-09,Rail,North,723.4863937773315,145.07311477682504,1772.3586921180972,188.4243266915512,8.216159859168929,-1.7290954470823263,On-Time
SHP00799,2027-03-10,Rail,South,191.1690323060671,103.01151056113086,896.1518629529309,54.897554938569364,4.625783637022745,-1.3299797313394937,On-Time
SHP00800,2027-03-11,Sea,North,979.3594926584921,55.21301773043377,1189.2305717212796,327.4374418064353,10.514959245593642,-0.86969003711862,On-Time
SHP00801,2027-03-12,Air,West,1394.1610230302717,80.54759641411084,6854.066298544175,350.2758720830022,3.75303941626582,2.6527120155095285,Delayed
SHP00802,2027-03-13,Road,North,260.08561410925455,97.81811990286201,1093.723505250483,81.44941779359101,3.830177764176657,1.6973996479200244,Delayed
SHP00803,2027-03-14,Rail,West,447.99879529386754,33.503142366639004,928.941994158594,101.0764867003734,7.750064744119175,7.475729053870464,Delayed
SHP00804,2027-03-15,Rail,West,439.1805623341287,66.96892338410764,895.3631474223935,131.16356063744573,5.678696597177505,-2.0,On-Time
SHP00805,2027-03-16,Road,East,355.06386516815536,127.77175988616659,1664.2917316368969,64.0068309402187,5.864846954947399,0.3685041585783374,Delayed
SHP00806,2027-03-17,Air,Central,726.3743670512772,69.39101531833646,4123.841601805766,238.36427116780985,8.301005271096004,-2.0,On-Time
SHP00807,2027-03-18,Sea,West,929.8871987501769,62.61308245019777,1420.838379241285,172.18212480055243,9.961250053697485,1.9916197618362856,Delayed
SHP00808,2027-03-19,Sea,East,1017.8662906203413,42.99207822238025,1327.6298390942031,306.54889579426646,11.068322515148605,3.167236546618142,Delayed
SHP00809,2027-03-20,Road,Central,1163.2180882162834,136.88872207010863,3467.499765461953,218.52667749999682,7.299267029759101,4.105265291920358,Delayed
SHP00810,2027-03-21,Road,West,1772.1235433490874,31.044135933805492,3625.0229001343473,399.19168407880045,8.073333034470128,0.9713052321619726,Delayed
SHP00811,2027-03-22,Sea,West,716.6531143346897,92.76707911773975,1471.8930909460294,189.57224124403862,10.744797024674106,-2.0,On-Time
SHP00812,2027-03-23,Air,North,582.1625221861091,72.56333720641372,3153.62901999713,146.349589911894,2.8943085952980603,0.3746285729843791,Delayed
SHP00813,2027-03-24,Road,North,1745.0232860646172,74.16721672967702,3730.976317535258,371.0131342964081,6.9040047598583145,1.5919747350608975,Delayed
SHP00814,2027-03-25,Sea,Central,721.7705126108411,42.73280390449206,980.7603124357626,170.87811146000962,7.010121773592707,-2.0,On-Time
SHP00815,2027-03-26,Sea,West,513.7676580398792,80.42993661974343,1045.6165530580224,156.03641801995545,8.40060283599021,-0.1624466588061042,On-Time
SHP00816,2027-03-27,Rail,South,1509.7394476760883,29.451819796048213,2079.1073723621303,443.5217522434613,10.329313747866745,-2.0,On-Time
SHP00817,2027-03-28,Rail,North,596.7445693182872,89.64950768886331,1485.9016992499994,114.69936616331658,5.293341637470522,-1.0317613233946554,On-Time
SHP00818,2027-03-29,Road,Central,1007.5264691993673,119.56398599375777,2583.3652624351894,309.35464522565036,6.412908266286459,2.7811664235082816,Delayed
SHP00819,2027-03-30,Road,West,498.054531471922,65.80118543493644,1667.7140151232961,94.14117172098317,4.103910293071441,2.2004073669782294,Delayed
SHP00820,2027-03-31,Road,West,968.3896649695121,101.01170995073176,2612.6647035119677,263.6900713818982,4.896926596027663,-2.0,On-Time
SHP00821,2027-04-01,Air,South,1026.1385170620845,43.48500114423999,4926.085891640708,230.07120151642286,1.59384717952342,-1.2624628690951638,On-Time
SHP00822,2027-04-02,Road,Central,1508.005670019565,85.13189155599767,3428.641735292617,422.10182818122547,9.325824630397385,0.6427299619393516,Delayed
SHP00823,2027-04-03,Road,West,591.2021710599238,71.20408518766969,1773.3519230830104,132.68103634756392,5.360513106788888,1.0663107963696805,Delayed
SHP00824,2027-04-04,Road,North,762.7383499874652,107.87922483677863,2015.9598667837827,265.00798981284345,9.276513196970498,-1.15723939136486,On-Time
SHP00825,2027-04-05,Rail,South,885.1451099144062,83.87701468532418,1717.431140407844,205.93236561353936,9.114088964181654,1.6911436333039813,Delayed
SHP00826,2027-04-06,Sea,Central,707.9592676021714,75.80600560033068,1065.7330194152498,156.5533748199051,11.454701208107846,0.411794448713093,Delayed
SHP00827,2027-04-07,Road,South,436.9462168346595,37.805378281978335,1487.496789704557,99.33495944572667,1.3344170451939683,-2.0,On-Time
SHP00828,2027-04-08,Road,North,1241.1628269396492,130.1159332456593,3295.748461621936,412.5630024335408,4.118792754508735,-0.9291758181917504,On-Time
SHP00829,2027-04-09,Air,Central,742.266118523559,124.16618608511368,4156.865174897,213.88932701720057,4.074040575134919,-1.0005643252764274,On-Time
SHP00830,2027-04-10,Road,South,235.78647746741115,54.22380213514324,1398.1260936270949,71.73008895442493,1.7527458598801606,2.1956842509743573,Delayed
SHP00831,2027-04-11,Road,East,321.4727268340381,99.25606975726238,1292.2966795423094,108.03469896032416,2.94798584473664,2.240148092945119,Delayed
SHP00832,2027-04-12,Road,North,570.9197690660717,84.32919926350955,1670.9271907155744,191.26858327101374,8.38909116184017,-2.0,On-Time
SHP00833,2027-04-13,Road,North,493.0872805940467,34.24822652495611,1141.0231812711286,150.69772616620938,5.883902984358713,1.596179392491419,Delayed
SHP00834,2027-04-14,Road,North,279.37310135088876,50.280835039783256,777.9253042645105,59.682518358582634,2.1740635199480853,0.31509038649827015,Delayed
SHP00835,2027-04-15,Road,East,335.25998608160836,28.907666867292185,871.832112509654,108.41418321237687,0.5,0.8160610203118419,Delayed
SHP00836,2027-04-16,Road,East,1629.004918288001,25.54732911105645,2804.9764608528494,349.65275281933947,5.766323365553606,-1.0345675467343258,On-Time
SHP00837,2027-04-17,Sea,West,1210.703810451654,74.04357661567596,1844.86679976349,370.82985813282534,10.034715283159922,0.34542519308079783,Delayed
SHP00838,2027-04-18,Road,South,1405.423319070846,78.11508305281711,2985.5119081394764,416.7818287820223,6.467572377081923,3.3758170564458494,Delayed
SHP00839,2027-04-19,Rail,West,1599.9600407226621,54.08990373439552,2290.373050395812,494.40541937777533,7.453244490640904,0.7804643977285626,Delayed
SHP00840,2027-04-20,Rail,South,569.0340607219881,84.72131300793079,1473.3393279827565,153.9559012474145,8.291261451714186,0.39393323595526586,Delayed
SHP00841,2027-04-21,Road,East,968.3327743254383,95.75521877616063,2478.3715912491566,279.44481371416487,4.731447316359209,-0.6980084354905407,On-Time
SHP00842,2027-04-22,Rail,East,129.64567550433352,87.0682752501653,827.5888505418786,44.34717197673661,6.326995364909428,3.130639834359909,Delayed
SHP00843,2027-04-23,Road,West,932.0837024849103,56.539188050323396,1978.2525524659602,183.79298174055629,5.558034025930136,-2.0,On-Time
SHP00844,2027-04-24,Sea,Central,418.27233459400105,79.27677806262064,1325.0065582561338,97.25000623842372,10.043205940547116,-1.504924004457295,On-Time
SHP00845,2027-04-25,Road,West,503.61521037810155,136.46719001724935,2077.9672561495663,142.99181529856213,4.340171164067107,-2.0,On-Time
SHP00846,2027-04-26,Road,South,810.0909209356822,48.13134657819351,1680.796688069401,278.58152044713404,3.6944622002795606,1.0017129376254137,Delayed
SHP00847,2027-04-27,Road,West,678.0816981915316,81.04964639077834,1895.671594779661,133.0719439161873,3.989771287676386,3.44936901603861,Delayed
SHP00848,2027-04-28,Sea,North,489.75228055198414,28.126131567021666,492.7659058352626,90.03281105309253,7.678820845095273,-0.321988543923621,On-Time
SHP00849,2027-04-29,Rail,South,505.8781771738071,97.43246685873154,1644.875691576838,95.85249778418329,9.583483530409453,-2.0,On-Time
SHP00850,2027-04-30,Rail,South,368.0169845929445,99.55506649941684,1268.00660761315,69.52170828691553,6.219318709370454,4.591116209262427,Delayed
SHP00851,2027-05-01,Road,Central,273.16066918696146,80.18005001211982,986.7976254474293,91.32545027918496,3.7328529991652606,1.6282076666209988,Delayed
SHP00852,2027-05-02,Air,East,261.33150059162546,75.78290716347952,1886.8936203137382,79.08253004345946,3.69071739223283,1.193810359085697,Delayed
SHP00853,2027-05-03,Road,South,1079.510817673188,124.59563495907857,2898.17320067712,318.57236717529895,6.276409811787081,0.024523394567495416,Delayed
SHP00854,2027-05-04,Sea,East,589.9295874299373,44.44874014288348,693.2922515016394,158.59512434144386,10.614965031152476,2.172535429643704,Delayed
SHP00855,2027-05-05,Road,West,1470.9054956978582,40.26797971964146,3026.930680098308,460.2933175111567,6.3681814879560905,1.1546389106966755,Delayed
SHP00856,2027-05-06,Road,North,1009.7290295734866,77.8080718046581,2492.9031027902247,208.46881575988536,5.1067475244580764,-0.703171070948452,On-Time
SHP00857,2027-05-07,Road,Central,864.5003639614084,80.47660704798075,2370.573556399491,213.2117267210607,3.9466830572451674,-0.2845065670321517,On-Time
SHP00858,2027-05-08,Road,East,324.9996390732361,91.37284279803856,1325.6576262538033,85.57263982245222,6.711268296861703,-2.0,On-Time
SHP00859,2027-05-09,Rail,South,320.0604646352127,77.63377154909429,1021.2017729987922,63.61829520585237,5.741019965566217,-2.0,On-Time
SHP00860,2027-05-10,Road,East,728.7322292422095,63.34464525726653,1842.495130175887,183.1430385661412,3.17294308999063,-0.24163048774208218,On-Time
SHP00861,2027-05-11,Air,South,698.593579562779,56.162711398191746,3832.265248394094,163.33488317652086,3.8032375521857693,3.385537230728685,Delayed
SHP00862,2027-05-12,Road,East,510.79660074043255,56.79287417579775,1327.26584624805,95.03317878339756,3.299854011306538,-2.0,On-Time
SHP00863,2027-05-13,Rail,South,848.8547977005252,131.48455069042154,2140.920408084862,172.52550903187273,7.071367300878502,2.5909250731435254,Delayed
SHP00864,2027-05-14,Road,West,805.7478605725101,58.66050219207438,2012.141984369455,249.6901909662391,5.594158570929321,-1.4973371341419983,On-Time
SHP00865,2027-05-15,Road,South,720.8662039018653,24.046798124008347,1542.4000299000384,131.9664129919953,6.974688908726209,-2.0,On-Time
SHP00866,2027-05-16,Rail,South,1256.2488627961955,83.52147898741495,2123.4847763458183,425.64608487739275,8.705668718988298,1.86649939647269,Delayed
SHP00867,2027-05-17,Road,North,1721.5606952275073,124.34848275719486,4111.687714563198,335.1744176954614,7.043014592031076,4.571920218936956,Delayed
SHP00868,2027-05-18,Road,South,684.4103632686993,17.02151328554469,1354.0620959530886,216.18502723500103,3.7926498800238404,-1.6393377006700702,On-Time
SHP00869,2027-05-19,Sea,North,567.3192902772697,58.82741108814422,1275.088203971467,188.78389695061756,9.932401988790449,-2.0,On-Time
SHP00870,2027-05-20,Sea,Central,1779.2435545924707,137.3354493558833,2631.3382261655943,604.9304417949161,9.909016358084731,1.6372868777000553,Delayed
SHP00871,2027-05-21,Road,North,760.4788680374635,88.86541898176449,1942.898535383716,249.03484687578668,3.6024701234981,-1.8079354886799877,On-Time
SHP00872,2027-05-22,Road,West,1057.3494004233978,57.63195819660689,2363.3543326200097,242.00983857850844,6.160144946756708,1.8416164461773206,Delayed
SHP00873,2027-05-23,Rail,North,415.14477025810396,67.34099777862133,1025.3969769243945,98.233553351084,3.5002402032867064,3.3786989855096046,Delayed
SHP00874,2027-05-24,Road,Central,410.39209029097765,78.51953386397153,1396.3885614608264,103.62924299810241,3.6399916432781176,1.326543739007339,Delayed
SHP00875,2027-05-25,Road,West,570.3282080704893,83.51401712872914,1626.085921226514,116.16469876683763,3.8760783742556826,2.5244207708636774,Delayed
SHP00876,2027-05-26,Road,East,747.5960743548745,100.43465482728166,2165.706194446959,137.39792937954275,6.510131871580581,2.5415303840867507,Delayed
SHP00877,2027-05-27,Air,East,781.3510056756978,61.11531074868978,4024.44306737584,256.0883190750309,3.3965374492682967,2.9748667804465754,Delayed
SHP00878,2027-05-28,Rail,North,528.9332525799741,82.70281845158004,1432.24090411261,145.03449318063286,8.25073504092756,0.6130269188937023,Delayed
SHP00879,2027-05-29,Road,North,881.1496286458853,31.013908741565288,1848.1315590514885,249.79085221251555,5.30817939542546,2.4476910684841355,Delayed
SHP00880,2027-05-30,Road,Central,840.1315138308003,63.80248557804143,2038.0278641145103,283.61835170044844,7.919510703227527,0.9110043653907791,Delayed
SHP00881,2027-05-31,Road,Central,1549.6090408716748,57.004667931247816,3322.785573975275,454.14458837297786,5.162913555520886,1.4783004298380644,Delayed
SHP00882,2027-06-01,Rail,South,420.41936242770873,64.80154152772724,1153.063826612296,125.0516775073213,8.486897004309778,8.129278299796564,Delayed
SHP00883,2027-06-02,Road,Central,1026.0696531520039,36.198383606671214,1988.9610763829899,321.9649277516689,5.016038977238386,1.1040013089641656,Delayed
SHP00884,2027-06-03,Road,South,676.236326183096,43.181735811708954,1374.8311896432215,135.097976922031,6.882926873221447,-2.0,On-Time
SHP00885,2027-06-04,Air,West,493.4110835443789,116.22008258755554,3404.4324810577214,119.02435474370009,5.0332651282981065,0.00645205620589695,Delayed
SHP00886,2027-06-05,Road,North,316.68558787729427,43.325607679168634,1022.2502353017024,109.12838026918651,0.5,-0.2763143891056836,On-Time
SHP00887,2027-06-06,Rail,West,761.1484169922882,70.85347653197049,1447.2979171970992,256.4294656085556,7.787092503492482,-0.16198400438653537,On-Time
SHP00888,2027-06-07,Road,Central,568.500829885594,27.47352580135449,1246.044990699875,187.77173111713464,5.773348428495672,2.8836060656324136,Delayed
SHP00889,2027-06-08,Road,West,728.3425721980856,39.610243287377415,1569.0143222560994,187.07846543750833,6.793924789867589,3.3264784941600736,Delayed
SHP00890,2027-06-09,Road,West,290.639196391819,207.38224127999402,2213.900592411459,94.66781345167125,2.7175654879741256,0.2359118932565073,Delayed
SHP00891,2027-06-10,Air,West,750.5131853000752,92.34879305794652,3970.3240999032078,141.2670704314824,4.742886582414913,-2.0,On-Time
SHP00892,2027-06-11,Sea,Central,722.4160706330081,57.33373467166797,1234.86938870654,148.274426302843,9.675177182268833,0.747738937957769,Delayed
SHP00893,2027-06-12,Air,West,1069.2251556572626,41.88927814774644,5172.945435433929,267.7067230825848,5.134760678545018,-0.8584718552391677,On-Time
SHP00894,2027-06-13,Road,South,1481.6752061861878,43.49238950097196,3046.6985515479164,388.46064392541496,8.473386847966575,1.0260117849282984,Delayed
SHP00895,2027-06-14,Rail,Central,861.136495492572,151.60141123953198,2112.083727105564,193.5802257310925,9.53768482865313,0.19759526952522177,Delayed
SHP00896,2027-06-15,Road,West,471.7870434116989,96.85237911067159,1702.6757755423262,113.51245049347472,3.40241732186664,3.5408940460027156,Delayed
SHP00897,2027-06-16,Road,Central,763.1177055965752,7.586992406678672,1303.6620628553585,158.4781322132576,5.120615257289367,1.187020116159744,Delayed
SHP00898,2027-06-17,Sea,East,597.4481405141707,58.2697963726864,900.039068457927,157.22014230339832,9.092418753960906,-0.8504791105537381,On-Time
SHP00899,2027-06-18,Road,South,847.6192125129588,31.141839275509966,1787.9925852436681,266.96051880142215,4.735750463401248,-2.0,On-Time
SHP00900,2027-06-19,Road,West,215.6978340630356,78.60232549609373,1393.1744902245619,63.07679088747584,3.3372962952302356,0.3799645902540245,Delayed
SHP00901,2027-06-20,Road,East,1218.4658557046268,77.70266532127405,2840.579782841742,241.65185342401128,6.706993353390967,0.38890661513445074,Delayed
SHP00902,2027-06-21,Road,East,413.6883105893928,77.36016047575072,978.2001109167772,108.75405356931202,3.208772867292806,-0.15615187175916412,On-Time
SHP00903,2027-06-22,Road,Central,401.3774831655107,81.96055786813092,1281.7887251388543,119.85127034393214,5.426684409441365,2.4383093785089143,Delayed
SHP00904,2027-06-23,Rail,East,698.2776609231993,42.70244633351366,1282.1121306090342,188.59236716219732,8.63627727661088,-2.0,On-Time
SHP00905,2027-06-24,Road,South,595.9248795618005,65.93501346568877,1430.8757491891326,146.94604787889045,3.33808331001981,-1.4063601588489487,On-Time
SHP00906,2027-06-25,Sea,South,848.184174009393,83.30386151892567,1554.4620149317082,242.34780617429405,11.863677416881933,0.6322939987153364,Delayed
SHP00907,2027-06-26,Air,North,737.9332276620174,140.90185881317078,4471.7374811991995,254.34239262211747,2.863128618641311,-0.8987705473874357,On-Time
SHP00908,2027-06-27,Road,South,1112.8798567898,117.07488612568329,3088.4819101157227,218.27396139704166,7.676753135251394,-0.3917730954410339,On-Time
SHP00909,2027-06-28,Road,East,610.6316654000047,205.40373710695297,2658.538778187983,150.40024641219637,7.360511989845129,0.34937158033956606,Delayed
SHP00910,2027-06-29,Road,South,755.2213362777827,86.34250112047616,1954.6208270239106,188.14300119489369,4.995689764168615,2.214912333534068,Delayed
SHP00911,2027-06-30,Rail,Central,1586.9937839887589,56.49097938316434,2441.068149594502,441.3182821152395,8.132360115628842,0.24856586612567988,Delayed
SHP00912,2027-07-01,Road,North,418.1023235891937,95.06217262979007,1511.9523072530455,86.07459253453023,3.3396767521068633,-2.0,On-Time
SHP00913,2027-07-02,Rail,East,351.28109805245987,41.90733328817796,746.5925622004344,73.77932842379882,6.2792640968908255,-1.0069925225442835,On-Time
SHP00914,2027-07-03,Road,North,707.9348509319128,181.10975346528312,2958.506239742067,161.7712091116239,8.475817918306905,1.7394606882501984,Delayed
SHP00915,2027-07-04,Rail,East,219.2738350600501,75.6591597250507,959.0230189317335,75.10082964591474,3.007726075184249,2.406684096916387,Delayed
SHP00916,2027-07-05,Road,Central,368.9214962458615,109.25775695736957,1239.6323038971482,112.44670347734235,4.311411903715338,2.5446446954402613,Delayed
SHP00917,2027-07-06,Road,North,307.26465165192974,72.85260786392615,1255.7574542623408,89.8711808109387,3.650527491429426,3.2529441749051564,Delayed
SHP00918,2027-07-07,Sea,West,104.66657935391166,31.463690611629435,450.7547663738242,33.37637260849884,6.789063008106159,0.7960931927249721,Delayed
SHP00919,2027-07-08,Air,East,430.9172916685607,64.56420284478025,2633.37812835028,86.91084659959826,2.668709365121586,1.157912452174117,Delayed
SHP00920,2027-07-09,Road,West,561.7398049087603,59.756118504928814,1348.2258339391728,183.17581146914043,3.623654074532764,-2.0,On-Time
SHP00921,2027-07-10,Sea,North,450.5467460843769,22.515369263321624,634.3358993640306,126.65840472530203,10.277094919973777,-2.0,On-Time
SHP00922,2027-07-11,Road,West,294.9005998499909,22.939056247005816,731.0780328925073,69.89319129894452,5.483753053800887,-2.0,On-Time
SHP00923,2027-07-12,Sea,West,122.23513718575452,107.7210906027259,828.1355711670233,38.95577514210068,8.079896659171167,-1.254593879226096,On-Time
SHP00924,2027-07-13,Air,North,517.4593218855714,41.37771074647415,2801.6036196428513,163.7427428906891,2.6966138559716564,-2.0,On-Time
SHP00925,2027-07-14,Road,Central,563.944138303604,73.24601486238863,1564.8356679491887,182.58845244792315,3.778636262432176,-0.23231735015035726,On-Time
SHP00926,2027-07-15,Road,West,209.61484741889242,65.15181624395828,1071.4311139935228,41.847097926263544,3.5962761053716505,-0.6552206516031402,On-Time
SHP00927,2027-07-16,Road,West,511.36498653462036,59.9006060724851,1288.233006582076,176.31425557528777,7.065570506818921,2.844567534755144,Delayed
SHP00928,2027-07-17,Rail,Central,609.6059838982286,75.40295341078611,1115.662987344254,209.17803086310968,6.50503532499092,-1.92284121946967,On-Time
SHP00929,2027-07-18,Rail,West,753.019093649198,117.19146582552335,1804.7697116785525,181.3042864955353,6.043398226703291,0.8514547929598847,Delayed
SHP00930,2027-07-19,Road,West,911.3743968835385,72.17699063500751,2252.6768168547965,174.2565920270775,4.908267292524003,-0.5494192335421011,On-Time
SHP00931,2027-07-20,Road,West,1066.4467971464085,108.14254533327109,2704.615208446867,222.24694070687656,7.277987710161231,-2.0,On-Time
SHP00932,2027-07-21,Air,South,413.11004451914476,103.9346627642004,2230.8039721360205,144.08503371835053,1.881124149974881,-1.3192786349202401,On-Time
SHP00933,2027-07-22,Sea,Central,430.40595405910295,86.76037976025002,1138.9957684730082,118.66817263272046,8.661174265097104,-2.0,On-Time
SHP00934,2027-07-23,Rail,West,317.84035075939136,79.29144495091988,1072.5870840969326,76.4805587333344,6.557948018133194,2.370867067234084,Delayed
SHP00935,2027-07-24,Road,Central,598.3983341042276,24.81665713066345,1378.7253502140622,137.02990215907735,3.3847855593251133,4.005653134370061,Delayed
SHP00936,2027-07-25,Road,East,572.7818059073791,52.49282982386152,1393.876023891558,128.12475740662308,1.781537696656863,-0.1686652926027934,On-Time
SHP00937,2027-07-26,Road,East,95.2653348530955,131.1446184066059,1155.376790131133,27.903785318166353,1.8936896885992236,0.572655218485778,Delayed
SHP00938,2027-07-27,Sea,West,249.887970930222,56.0516366116095,889.3605326502995,62.795830390157576,6.737213849095353,-0.23964460101464757,On-Time
SHP00939,2027-07-28,Road,Central,624.8248864830764,68.42137058098976,1435.7450574441982,215.01462677618557,4.3220917280452,-1.5502282038251596,On-Time
SHP00940,2027-07-29,Rail,Central,745.8741924357022,65.93461413256959,1385.4582749332535,220.96770223844305,7.063822025185388,2.262257150527191,Delayed
SHP00941,2027-07-30,Road,Central,322.03597121448786,52.90216466059838,1024.227342390636,101.32783916962562,4.949555635745306,1.2976708128790369,Delayed
SHP00942,2027-07-31,Rail,South,1130.4143285850007,73.34934129203653,2034.1951991404292,259.73085013069635,6.2963675520428275,-2.0,On-Time
SHP00943,2027-08-01,Rail,East,1230.4662525910173,66.71434615019288,2035.7393496714117,238.0480801586282,9.403683426996487,-2.0,On-Time
SHP00944,2027-08-02,Air,Central,457.0635241057898,58.05714507451753,2382.94412330296,120.17565862186034,2.2720502112931276,-2.0,On-Time
SHP00945,2027-08-03,Road,Central,578.9748874501478,41.16875463958557,1546.6469267300788,135.1783983769608,1.7046083193737607,4.388535863471457,Delayed
SHP00946,2027-08-04,Road,South,619.1536420968459,38.34239169683882,1421.5018011905695,132.7181452730216,4.502384182271956,0.07042806888565162,Delayed
SHP00947,2027-08-05,Road,South,784.7147934818623,101.19310698960228,1971.8310782104659,268.3325662254335,7.278627522061001,1.1017539042406983,Delayed
SHP00948,2027-08-06,Sea,Central,604.1205187076853,11.312716924580252,665.5866998495679,154.3394997266124,10.113578879725605,-0.3832378377005594,On-Time
SHP00949,2027-08-07,Sea,North,656.1806755301708,73.68318517406831,1251.3196200529198,137.60138992718527,9.169747342297924,3.2567418157252166,Delayed
SHP00950,2027-08-08,Rail,Central,311.1100891771682,116.37298510999318,1598.4275809022645,66.5061938379147,7.724058477215156,2.651762931486085,Delayed
SHP00951,2027-08-09,Rail,Central,387.05454908139245,78.77251942453417,1155.958316624488,88.14031590935646,6.331829268967586,-0.03869795755128891,On-Time
SHP00952,2027-08-10,Rail,South,618.7619573397069,63.72884287173291,1030.0412559792433,216.4947636392485,8.093723675483718,4.7949826391880634,Delayed
SHP00953,2027-08-11,Road,South,673.2731271829808,43.80951768566195,1345.3325767934075,151.86480287582805,2.174620213148674,0.9632953555821846,Delayed
SHP00954,2027-08-12,Sea,Central,1530.8919602301307,70.59551140282313,2131.3732741594426,361.1317594949368,9.891665091909786,-2.0,On-Time
SHP00955,2027-08-13,Road,Central,848.9399047657382,120.06934258134595,2368.226117226726,247.96327574845168,6.686148466633746,0.7500468437839001,Delayed
SHP00956,2027-08-14,Road,Central,295.9222060953562,114.25558044267527,1214.2674548912696,68.0542459295718,6.2891689836140685,1.7936016443157141,Delayed
SHP00957,2027-08-15,Rail,South,548.3405447327679,70.08188371653993,1368.7403535754056,118.81811555079048,7.081974665459032,0.1669381186293143,Delayed
SHP00958,2027-08-16,Road,Central,526.4017319533807,104.58431111182583,1712.8372345784915,108.94848301838381,3.8390235889957816,-0.528707613107406,On-Time
SHP00959,2027-08-17,Road,Central,582.1562363314561,62.87263346649664,1692.9143877525353,135.7332503242358,3.236822152662858,4.910903290574923,Delayed
SHP00960,2027-08-18,Air,West,726.2417426539598,53.536155394193905,3559.1691592969582,143.79998082948015,3.0994267477138298,-2.0,On-Time
SHP00961,2027-08-19,Road,North,481.3780767987983,179.04066006539094,2519.8776688108464,88.17398366800953,6.690491754982616,-2.0,On-Time
SHP00962,2027-08-20,Rail,East,1294.5884521683256,97.7514988464983,2466.3276894139685,410.1114958057396,8.228097474101814,4.547635077324612,Delayed
SHP00963,2027-08-21,Road,North,275.0922802600715,135.40810820664677,1470.0281651311009,55.96536225148958,5.609887073496037,-2.0,On-Time
SHP00964,2027-08-22,Road,West,618.371692350156,140.23726675942237,1985.9086102714637,192.88006465664307,6.024731878480641,-0.21654509624553464,On-Time
SHP00965,2027-08-23,Road,East,1680.141380838631,80.76789871863937,4016.1722540717715,530.2227492777125,10.320003194330607,-0.44358038765562413,On-Time
SHP00966,2027-08-24,Road,Central,434.62978071109154,41.155179689981686,1080.0438875008463,117.97865430867431,4.270832067931587,3.579371226746301,Delayed
SHP00967,2027-08-25,Air,West,439.9055025468402,18.70067824387862,2014.770440350452,102.34222603366048,2.486370979556918,4.0871409490671695,Delayed
SHP00968,2027-08-26,Road,Central,1618.7842031362295,45.289267382174785,3484.0719450270362,331.2931952809583,9.023212922778853,-2.0,On-Time
SHP00969,2027-08-27,Rail,South,816.1214120655509,76.16004475408047,1730.4900305231708,249.12666627122175,5.851992629842295,3.8922740704635013,Delayed
SHP00970,2027-08-28,Road,West,635.2332860063151,119.2212177349397,2274.6091381877714,179.28556679646613,4.311266878593365,3.846025790540454,Delayed
SHP00971,2027-08-29,Rail,South,630.940198543374,36.05292313835999,1030.7753817312691,183.87306451372564,3.9829731806930586,0.5483873523124256,Delayed
SHP00972,2027-08-30,Sea,West,1211.3784221895708,75.17223973603414,1973.7767014074304,219.8333792184532,8.997217921773002,2.8313563882996458,Delayed
SHP00973,2027-08-31,Air,West,457.15847949096747,66.88305829860445,2395.684897015485,154.37231197088224,5.762797449957979,3.08207488486189,Delayed
SHP00974,2027-09-01,Road,South,265.68408503312367,61.37854191652745,886.452260158214,50.81721743169212,4.6385611458062375,-0.13106962806474853,On-Time
SHP00975,2027-09-02,Road,East,279.10232795010745,73.43529514950954,1148.3483648635024,67.64240302724315,1.6493567101969102,0.1060836061241961,Delayed
SHP00976,2027-09-03,Road,North,799.1239801689532,163.69134987213596,2923.1706649167704,198.55112760652375,7.48485125203041,1.9733201176860553,Delayed
SHP00977,2027-09-04,Rail,Central,390.2217932290706,68.66251960497374,1116.740161793399,70.32984516529315,4.940831532182755,-2.0,On-Time
SHP00978,2027-09-05,Road,West,726.915551237334,84.29944313268537,1970.4136769116656,192.27293060727655,6.006657727089936,-0.38451666628647185,On-Time
SHP00979,2027-09-06,Road,Central,303.90589398245675,32.893081141832475,738.9030782171601,93.5961862975757,4.4900623005059455,-2.0,On-Time
SHP00980,2027-09-07,Rail,South,876.4751743499015,126.43142188662507,2239.248213066786,280.43320254983064,10.204097622239939,4.058945507497549,Delayed
SHP00981,2027-09-08,Road,Central,1928.4334010073173,119.66076674391775,4543.125657756068,635.413963069518,7.867997128879292,-0.41395656125581737,On-Time
SHP00982,2027-09-09,Air,South,772.1767011544764,27.63227459975112,3564.674783089493,203.01468116832032,2.449387702050879,1.1909343077333807,Delayed
SHP00983,2027-09-10,Road,Central,50.0,19.681555211338157,111.81203198125118,20.0,0.5,-0.04602983993127563,On-Time
SHP00984,2027-09-11,Road,North,1312.4026058955264,107.44862240900771,3140.090446718082,253.9739884827611,6.663998832251472,-0.20871021364558273,On-Time
SHP00985,2027-09-12,Air,North,418.95778224862374,89.01978770284829,2496.404041898687,110.1718608613508,3.979571359099352,1.027415718966552,Delayed
SHP00986,2027-09-13,Road,North,188.2966123168264,30.476997018348307,737.2260151990442,38.849108186884145,4.500267723911364,-1.3266091620053357,On-Time
SHP00987,2027-09-14,Rail,North,129.0984572384359,49.315815022050124,614.8045171952267,31.35018285927691,7.021428554532598,0.0037941213310683786,Delayed
SHP00988,2027-09-15,Road,North,2000.0,64.90637136719539,4202.919056998027,471.96380637396373,9.00958527932328,-0.014607493087719803,On-Time
SHP00989,2027-09-16,Road,North,671.1365219842485,41.26497608592496,1566.9159937785635,169.12767744510606,5.403954464457773,-0.5580382496707279,On-Time
SHP00990,2027-09-17,Air,South,432.4154717841256,48.812994022730855,2372.189182511015,119.85615295570491,2.808836737722777,1.4776422693631193,Delayed
SHP00991,2027-09-18,Air,West,518.9487141435642,85.61444207484291,2782.912137943735,173.0637032998526,4.219528654472789,-0.6174898300362033,On-Time
SHP00992,2027-09-19,Rail,Central,191.01806913444523,93.7749549945677,1098.548871570591,47.193380183346505,4.165374348354758,4.527787456029893,Delayed
SHP00993,2027-09-20,Road,North,734.0892451415428,92.45497036188134,1976.4781820611113,254.57650012907868,2.9983393211213483,2.072410270101319,Delayed
SHP00994,2027-09-21,Rail,South,918.6522240489234,114.193836475744,2010.9600607071611,283.89547708662377,6.516023828620879,-2.0,On-Time
SHP00995,2027-09-22,Road,South,308.90567782672673,62.86115103035844,987.9434900106756,82.46291991593797,4.052251844148815,1.8771948600965538,Delayed
SHP00996,2027-09-23,Road,South,789.2730649773719,146.53321054015717,2614.837936053278,228.48231408671302,3.6185022931172384,-1.2236992437697432,On-Time
SHP00997,2027-09-24,Sea,West,2000.0,64.64427232658915,2403.1182676993126,394.7562181848611,12.123554321138263,0.8392254385136338,Delayed
SHP00998,2027-09-25,Road,Central,986.5373365964952,95.36073872728184,2387.3248608134472,319.21256436146547,4.946518561826899,-1.3279886015683722,On-Time
SHP00999,2027-09-26,Sea,West,644.2856101306782,76.90690010374159,1233.0246335841437,179.75617962602823,10.440808401524878,-2.0,On-Time
SHP01000,2027-09-27,Road,East,274.99798821950026,113.29785401570416,1334.0288241076553,95.59795534158313,4.905284250875037,0.4456662676790153,Delayed
